date,day_of_week,interval_start,queue,calls_offered,calls_answered,answered_within_20s,abandoned,aht_sec,agents_staffed,sla_pct
2026-01-05,Monday,08:00,Billing,73,64,45,9,356.3,13,61.6
2026-01-05,Monday,08:30,Billing,77,73,63,4,300.1,13,81.8
2026-01-05,Monday,09:00,Billing,79,67,41,12,346.4,11,51.9
2026-01-05,Monday,09:30,Billing,65,61,53,4,328.3,13,81.5
2026-01-05,Monday,10:00,Billing,99,86,58,13,348.6,15,58.6
2026-01-05,Monday,10:30,Billing,102,87,56,15,315.8,14,54.9
2026-01-05,Monday,11:00,Billing,98,82,48,16,326.0,13,49.0
2026-01-05,Monday,11:30,Billing,101,82,44,19,349.0,13,43.6
2026-01-05,Monday,12:00,Billing,87,77,54,10,360.5,14,62.1
2026-01-05,Monday,12:30,Billing,87,77,54,10,318.8,13,62.1
2026-01-05,Monday,13:00,Billing,64,62,57,2,299.7,14,89.1
2026-01-05,Monday,13:30,Billing,76,69,53,7,350.5,13,69.7
2026-01-05,Monday,14:00,Billing,58,55,47,3,285.4,10,81.0
2026-01-05,Monday,14:30,Billing,58,54,44,4,354.2,11,75.9
2026-01-05,Monday,15:00,Billing,67,59,42,8,346.0,11,62.7
2026-01-05,Monday,15:30,Billing,51,49,44,2,347.0,11,86.3
2026-01-05,Monday,16:00,Billing,57,54,46,3,353.3,12,80.7
2026-01-05,Monday,16:30,Billing,74,65,46,9,279.4,10,62.2
2026-01-05,Monday,17:00,Billing,89,82,65,7,316.8,15,73.0
2026-01-05,Monday,17:30,Billing,84,73,49,11,322.8,12,58.3
2026-01-05,Monday,18:00,Billing,79,70,50,9,345.2,13,63.3
2026-01-05,Monday,18:30,Billing,90,80,57,10,311.5,13,63.3
2026-01-05,Monday,19:00,Billing,77,73,62,4,294.2,13,80.5
2026-01-05,Monday,19:30,Billing,70,65,54,5,342.5,14,77.1
2026-01-05,Monday,20:00,Billing,58,54,45,4,316.4,10,77.6
2026-01-05,Monday,20:30,Billing,63,63,63,0,359.3,15,100.0
2026-01-05,Monday,21:00,Billing,78,73,62,5,255.4,12,79.5
2026-01-05,Monday,21:30,Billing,62,60,55,2,325.1,13,88.7
2026-01-05,Monday,08:00,Tech Support,30,30,29,0,421.4,9,96.7
2026-01-05,Monday,08:30,Tech Support,45,38,24,7,514.4,10,53.3
2026-01-05,Monday,09:00,Tech Support,41,36,25,5,509.3,9,61.0
2026-01-05,Monday,09:30,Tech Support,44,39,29,5,478.6,10,65.9
2026-01-05,Monday,10:00,Tech Support,63,50,25,13,525.7,12,39.7
2026-01-05,Monday,10:30,Tech Support,53,46,31,7,533.8,13,58.5
2026-01-05,Monday,11:00,Tech Support,51,44,29,7,540.3,12,56.9
2026-01-05,Monday,11:30,Tech Support,58,47,24,11,529.2,11,41.4
2026-01-05,Monday,12:00,Tech Support,44,41,33,3,529.3,12,75.0
2026-01-05,Monday,12:30,Tech Support,39,35,26,4,450.5,9,66.7
2026-01-05,Monday,13:00,Tech Support,50,45,34,5,433.6,11,68.0
2026-01-05,Monday,13:30,Tech Support,37,36,33,1,498.8,12,89.2
2026-01-05,Monday,14:00,Tech Support,49,41,25,8,488.5,10,51.0
2026-01-05,Monday,14:30,Tech Support,29,28,27,1,568.1,13,93.1
2026-01-05,Monday,15:00,Tech Support,43,40,32,3,459.3,10,74.4
2026-01-05,Monday,15:30,Tech Support,44,41,33,3,404.8,10,75.0
2026-01-05,Monday,16:00,Tech Support,47,40,25,7,461.5,9,53.2
2026-01-05,Monday,16:30,Tech Support,49,35,9,14,554.5,8,18.4
2026-01-05,Monday,17:00,Tech Support,51,45,31,6,439.0,10,60.8
2026-01-05,Monday,17:30,Tech Support,53,48,36,5,471.4,12,67.9
2026-01-05,Monday,18:00,Tech Support,42,40,35,2,431.9,11,83.3
2026-01-05,Monday,18:30,Tech Support,39,38,36,1,496.5,13,92.3
2026-01-05,Monday,19:00,Tech Support,40,37,30,3,480.0,10,75.0
2026-01-05,Monday,19:30,Tech Support,34,33,32,1,553.3,13,94.1
2026-01-05,Monday,20:00,Tech Support,25,25,24,0,489.1,8,96.0
2026-01-05,Monday,20:30,Tech Support,28,26,22,2,495.9,8,78.6
2026-01-05,Monday,21:00,Tech Support,42,38,29,4,469.8,10,69.0
2026-01-05,Monday,21:30,Tech Support,36,35,32,1,390.2,9,88.9
2026-01-06,Tuesday,08:00,Billing,52,52,52,0,268.5,12,100.0
2026-01-06,Tuesday,08:30,Billing,58,55,49,3,318.5,12,84.5
2026-01-06,Tuesday,09:00,Billing,80,71,51,9,371.2,13,63.8
2026-01-06,Tuesday,09:30,Billing,77,70,54,7,319.6,13,70.1
2026-01-06,Tuesday,10:00,Billing,86,77,56,9,357.4,14,65.1
2026-01-06,Tuesday,10:30,Billing,70,63,46,7,355.6,12,65.7
2026-01-06,Tuesday,11:00,Billing,89,80,59,9,305.5,13,66.3
2026-01-06,Tuesday,11:30,Billing,87,81,67,6,340.9,16,77.0
2026-01-06,Tuesday,12:00,Billing,79,76,68,3,332.5,15,86.1
2026-01-06,Tuesday,12:30,Billing,75,65,44,10,350.7,11,58.7
2026-01-06,Tuesday,13:00,Billing,70,68,64,2,310.0,14,91.4
2026-01-06,Tuesday,13:30,Billing,73,63,43,10,339.5,11,58.9
2026-01-06,Tuesday,14:00,Billing,49,46,38,3,365.0,10,77.6
2026-01-06,Tuesday,14:30,Billing,61,60,57,1,301.2,12,93.4
2026-01-06,Tuesday,15:00,Billing,59,53,39,6,386.1,11,66.1
2026-01-06,Tuesday,15:30,Billing,55,51,42,4,286.2,9,76.4
2026-01-06,Tuesday,16:00,Billing,54,49,37,5,339.7,10,68.5
2026-01-06,Tuesday,16:30,Billing,73,67,53,6,346.1,13,72.6
2026-01-06,Tuesday,17:00,Billing,53,51,46,2,348.6,12,86.8
2026-01-06,Tuesday,17:30,Billing,76,71,60,5,316.2,14,78.9
2026-01-06,Tuesday,18:00,Billing,73,65,48,8,278.1,10,65.8
2026-01-06,Tuesday,18:30,Billing,76,68,50,8,376.5,13,65.8
2026-01-06,Tuesday,19:00,Billing,69,61,42,8,309.2,10,60.9
2026-01-06,Tuesday,19:30,Billing,56,50,36,6,390.2,10,64.3
2026-01-06,Tuesday,20:00,Billing,61,54,39,7,325.4,9,63.9
2026-01-06,Tuesday,20:30,Billing,44,44,44,0,292.6,11,100.0
2026-01-06,Tuesday,21:00,Billing,58,57,54,1,342.7,14,93.1
2026-01-06,Tuesday,21:30,Billing,56,56,55,0,318.4,13,98.2
2026-01-06,Tuesday,08:00,Tech Support,34,33,31,1,548.3,13,91.2
2026-01-06,Tuesday,08:30,Tech Support,31,31,30,0,450.4,11,96.8
2026-01-06,Tuesday,09:00,Tech Support,37,33,24,4,424.4,8,64.9
2026-01-06,Tuesday,09:30,Tech Support,42,40,36,2,446.3,12,85.7
2026-01-06,Tuesday,10:00,Tech Support,49,43,31,6,501.7,11,63.3
2026-01-06,Tuesday,10:30,Tech Support,48,44,34,4,570.9,13,70.8
2026-01-06,Tuesday,11:00,Tech Support,51,47,38,4,452.7,13,74.5
2026-01-06,Tuesday,11:30,Tech Support,49,46,39,3,503.3,14,79.6
2026-01-06,Tuesday,12:00,Tech Support,42,40,35,2,469.2,13,83.3
2026-01-06,Tuesday,12:30,Tech Support,50,41,22,9,511.3,10,44.0
2026-01-06,Tuesday,13:00,Tech Support,36,33,26,3,564.7,11,72.2
2026-01-06,Tuesday,13:30,Tech Support,39,36,29,3,469.6,10,74.4
2026-01-06,Tuesday,14:00,Tech Support,28,27,25,1,503.4,9,89.3
2026-01-06,Tuesday,14:30,Tech Support,25,25,25,0,464.5,12,100.0
2026-01-06,Tuesday,15:00,Tech Support,31,29,24,2,467.3,8,77.4
2026-01-06,Tuesday,15:30,Tech Support,19,19,19,0,502.3,9,100.0
2026-01-06,Tuesday,16:00,Tech Support,34,33,30,1,421.0,9,88.2
2026-01-06,Tuesday,16:30,Tech Support,39,36,30,3,474.4,11,76.9
2026-01-06,Tuesday,17:00,Tech Support,39,38,34,1,493.5,12,87.2
2026-01-06,Tuesday,17:30,Tech Support,48,41,27,7,469.3,10,56.2
2026-01-06,Tuesday,18:00,Tech Support,38,36,30,2,462.0,10,78.9
2026-01-06,Tuesday,18:30,Tech Support,51,47,38,4,453.2,12,74.5
2026-01-06,Tuesday,19:00,Tech Support,37,36,34,1,429.3,11,91.9
2026-01-06,Tuesday,19:30,Tech Support,40,40,40,0,429.1,12,100.0
2026-01-06,Tuesday,20:00,Tech Support,26,26,26,0,438.8,9,100.0
2026-01-06,Tuesday,20:30,Tech Support,29,28,25,1,422.2,8,86.2
2026-01-06,Tuesday,21:00,Tech Support,31,29,23,2,524.6,9,74.2
2026-01-06,Tuesday,21:30,Tech Support,19,19,19,0,488.2,8,100.0
2026-01-07,Wednesday,08:00,Billing,62,57,46,5,355.0,12,74.2
2026-01-07,Wednesday,08:30,Billing,58,56,51,2,331.1,13,87.9
2026-01-07,Wednesday,09:00,Billing,72,63,44,9,293.6,9,61.1
2026-01-07,Wednesday,09:30,Billing,76,73,66,3,262.2,13,86.8
2026-01-07,Wednesday,10:00,Billing,84,75,55,9,350.3,15,65.5
2026-01-07,Wednesday,10:30,Billing,72,68,58,4,325.0,15,80.6
2026-01-07,Wednesday,11:00,Billing,76,69,53,7,394.7,14,69.7
2026-01-07,Wednesday,11:30,Billing,60,58,53,2,341.2,13,88.3
2026-01-07,Wednesday,12:00,Billing,68,67,64,1,270.8,14,94.1
2026-01-07,Wednesday,12:30,Billing,61,60,57,1,270.3,11,93.4
2026-01-07,Wednesday,13:00,Billing,61,57,48,4,357.5,13,78.7
2026-01-07,Wednesday,13:30,Billing,49,49,49,0,342.2,16,100.0
2026-01-07,Wednesday,14:00,Billing,59,57,53,2,358.6,13,89.8
2026-01-07,Wednesday,14:30,Billing,55,53,47,2,312.5,11,85.5
2026-01-07,Wednesday,15:00,Billing,52,51,48,1,313.9,11,92.3
2026-01-07,Wednesday,15:30,Billing,50,49,47,1,251.2,11,94.0
2026-01-07,Wednesday,16:00,Billing,47,47,47,0,298.0,12,100.0
2026-01-07,Wednesday,16:30,Billing,40,39,37,1,328.0,14,92.5
2026-01-07,Wednesday,17:00,Billing,53,53,52,0,322.2,14,98.1
2026-01-07,Wednesday,17:30,Billing,52,51,48,1,329.6,13,92.3
2026-01-07,Wednesday,18:00,Billing,60,58,52,2,317.7,12,86.7
2026-01-07,Wednesday,18:30,Billing,59,59,59,0,277.6,12,100.0
2026-01-07,Wednesday,19:00,Billing,56,55,52,1,290.1,11,92.9
2026-01-07,Wednesday,19:30,Billing,47,47,46,0,323.4,13,97.9
2026-01-07,Wednesday,20:00,Billing,46,46,46,0,273.3,9,100.0
2026-01-07,Wednesday,20:30,Billing,53,53,53,0,264.9,12,100.0
2026-01-07,Wednesday,21:00,Billing,53,50,44,3,317.0,10,83.0
2026-01-07,Wednesday,21:30,Billing,62,59,51,3,401.7,14,82.3
2026-01-07,Wednesday,08:00,Tech Support,36,35,32,1,502.4,11,88.9
2026-01-07,Wednesday,08:30,Tech Support,31,30,27,1,502.3,11,87.1
2026-01-07,Wednesday,09:00,Tech Support,39,37,33,2,540.5,13,84.6
2026-01-07,Wednesday,09:30,Tech Support,40,37,29,3,487.1,10,72.5
2026-01-07,Wednesday,10:00,Tech Support,51,47,37,4,442.1,12,72.5
2026-01-07,Wednesday,10:30,Tech Support,47,40,26,7,493.7,10,55.3
2026-01-07,Wednesday,11:00,Tech Support,48,43,31,5,515.9,12,64.6
2026-01-07,Wednesday,11:30,Tech Support,46,45,42,1,493.3,14,91.3
2026-01-07,Wednesday,12:00,Tech Support,41,39,33,2,472.9,11,80.5
2026-01-07,Wednesday,12:30,Tech Support,37,35,31,2,490.9,11,83.8
2026-01-07,Wednesday,13:00,Tech Support,29,27,23,2,439.3,8,79.3
2026-01-07,Wednesday,13:30,Tech Support,40,37,30,3,475.9,12,75.0
2026-01-07,Wednesday,14:00,Tech Support,36,33,27,3,440.5,9,75.0
2026-01-07,Wednesday,14:30,Tech Support,35,34,32,1,530.0,13,91.4
2026-01-07,Wednesday,15:00,Tech Support,28,27,24,1,591.3,11,85.7
2026-01-07,Wednesday,15:30,Tech Support,29,29,28,0,481.1,10,96.6
2026-01-07,Wednesday,16:00,Tech Support,25,25,24,0,412.2,11,96.0
2026-01-07,Wednesday,16:30,Tech Support,24,24,24,0,482.9,9,100.0
2026-01-07,Wednesday,17:00,Tech Support,29,29,29,0,459.5,11,100.0
2026-01-07,Wednesday,17:30,Tech Support,36,31,20,5,482.2,8,55.6
2026-01-07,Wednesday,18:00,Tech Support,33,32,31,1,476.4,11,93.9
2026-01-07,Wednesday,18:30,Tech Support,51,46,36,5,490.1,13,70.6
2026-01-07,Wednesday,19:00,Tech Support,26,26,25,0,450.8,10,96.2
2026-01-07,Wednesday,19:30,Tech Support,28,27,23,1,516.7,9,82.1
2026-01-07,Wednesday,20:00,Tech Support,27,27,26,0,493.6,10,96.3
2026-01-07,Wednesday,20:30,Tech Support,21,21,21,0,442.3,9,100.0
2026-01-07,Wednesday,21:00,Tech Support,28,28,28,0,514.6,12,100.0
2026-01-07,Wednesday,21:30,Tech Support,29,28,27,1,414.2,9,93.1
2026-01-08,Thursday,08:00,Billing,63,62,60,1,324.2,15,95.2
2026-01-08,Thursday,08:30,Billing,56,54,50,2,332.6,12,89.3
2026-01-08,Thursday,09:00,Billing,60,58,53,2,340.8,14,88.3
2026-01-08,Thursday,09:30,Billing,60,59,56,1,360.3,14,93.3
2026-01-08,Thursday,10:00,Billing,75,69,54,6,340.1,13,72.0
2026-01-08,Thursday,10:30,Billing,84,76,57,8,345.8,15,67.9
2026-01-08,Thursday,11:00,Billing,59,59,58,0,313.1,18,98.3
2026-01-08,Thursday,11:30,Billing,85,75,52,10,334.6,13,61.2
2026-01-08,Thursday,12:00,Billing,67,63,53,4,362.4,14,79.1
2026-01-08,Thursday,12:30,Billing,69,61,44,8,351.6,12,63.8
2026-01-08,Thursday,13:00,Billing,59,59,59,0,280.4,13,100.0
2026-01-08,Thursday,13:30,Billing,52,51,50,1,355.7,13,96.2
2026-01-08,Thursday,14:00,Billing,51,50,48,1,319.4,11,94.1
2026-01-08,Thursday,14:30,Billing,66,59,44,7,376.0,12,66.7
2026-01-08,Thursday,15:00,Billing,55,54,52,1,334.6,13,94.5
2026-01-08,Thursday,15:30,Billing,48,47,46,1,352.2,12,95.8
2026-01-08,Thursday,16:00,Billing,57,54,47,3,356.5,13,82.5
2026-01-08,Thursday,16:30,Billing,49,48,46,1,272.1,11,93.9
2026-01-08,Thursday,17:00,Billing,50,50,50,0,318.2,14,100.0
2026-01-08,Thursday,17:30,Billing,76,62,33,14,351.6,10,43.4
2026-01-08,Thursday,18:00,Billing,67,66,64,1,329.8,15,95.5
2026-01-08,Thursday,18:30,Billing,61,57,48,4,347.0,12,78.7
2026-01-08,Thursday,19:00,Billing,62,59,51,3,358.2,14,82.3
2026-01-08,Thursday,19:30,Billing,57,53,44,4,333.6,11,77.2
2026-01-08,Thursday,20:00,Billing,59,58,54,1,333.8,16,91.5
2026-01-08,Thursday,20:30,Billing,45,45,45,0,344.4,12,100.0
2026-01-08,Thursday,21:00,Billing,48,47,45,1,314.0,13,93.8
2026-01-08,Thursday,21:30,Billing,56,52,44,4,327.3,11,78.6
2026-01-08,Thursday,08:00,Tech Support,25,25,24,0,526.2,14,96.0
2026-01-08,Thursday,08:30,Tech Support,25,25,24,0,482.2,11,96.0
2026-01-08,Thursday,09:00,Tech Support,27,27,26,0,502.9,10,96.3
2026-01-08,Thursday,09:30,Tech Support,39,36,30,3,486.3,10,76.9
2026-01-08,Thursday,10:00,Tech Support,32,32,32,0,514.1,14,100.0
2026-01-08,Thursday,10:30,Tech Support,43,40,32,3,498.2,11,74.4
2026-01-08,Thursday,11:00,Tech Support,44,40,30,4,532.1,12,68.2
2026-01-08,Thursday,11:30,Tech Support,55,50,39,5,482.8,14,70.9
2026-01-08,Thursday,12:00,Tech Support,43,40,33,3,495.8,12,76.7
2026-01-08,Thursday,12:30,Tech Support,44,43,40,1,470.5,14,90.9
2026-01-08,Thursday,13:00,Tech Support,28,28,27,0,448.7,10,96.4
2026-01-08,Thursday,13:30,Tech Support,23,23,23,0,525.1,10,100.0
2026-01-08,Thursday,14:00,Tech Support,31,26,15,5,540.2,7,48.4
2026-01-08,Thursday,14:30,Tech Support,25,25,24,0,504.2,11,96.0
2026-01-08,Thursday,15:00,Tech Support,24,24,24,0,486.4,11,100.0
2026-01-08,Thursday,15:30,Tech Support,32,31,30,1,483.9,10,93.8
2026-01-08,Thursday,16:00,Tech Support,38,36,31,2,438.5,10,81.6
2026-01-08,Thursday,16:30,Tech Support,37,37,37,0,449.9,14,100.0
2026-01-08,Thursday,17:00,Tech Support,37,34,26,3,475.9,9,70.3
2026-01-08,Thursday,17:30,Tech Support,43,41,35,2,485.2,12,81.4
2026-01-08,Thursday,18:00,Tech Support,34,34,33,0,452.0,12,97.1
2026-01-08,Thursday,18:30,Tech Support,39,39,38,0,475.1,13,97.4
2026-01-08,Thursday,19:00,Tech Support,46,42,33,4,547.7,14,71.7
2026-01-08,Thursday,19:30,Tech Support,36,32,24,4,443.0,8,66.7
2026-01-08,Thursday,20:00,Tech Support,25,25,24,0,457.2,9,96.0
2026-01-08,Thursday,20:30,Tech Support,18,18,17,0,490.4,11,94.4
2026-01-08,Thursday,21:00,Tech Support,21,20,18,1,416.6,6,85.7
2026-01-08,Thursday,21:30,Tech Support,35,33,28,2,525.2,10,80.0
2026-01-09,Friday,08:00,Billing,33,33,33,0,355.5,11,100.0
2026-01-09,Friday,08:30,Billing,60,56,48,4,290.7,10,80.0
2026-01-09,Friday,09:00,Billing,55,55,55,0,330.9,14,100.0
2026-01-09,Friday,09:30,Billing,51,50,48,1,295.0,16,94.1
2026-01-09,Friday,10:00,Billing,67,61,48,6,315.6,11,71.6
2026-01-09,Friday,10:30,Billing,69,62,47,7,383.1,13,68.1
2026-01-09,Friday,11:00,Billing,76,72,63,4,357.1,15,82.9
2026-01-09,Friday,11:30,Billing,64,63,61,1,333.4,16,95.3
2026-01-09,Friday,12:00,Billing,75,73,69,2,300.7,15,92.0
2026-01-09,Friday,12:30,Billing,67,61,48,6,380.7,13,71.6
2026-01-09,Friday,13:00,Billing,59,59,58,0,309.0,15,98.3
2026-01-09,Friday,13:30,Billing,62,58,48,4,357.9,12,77.4
2026-01-09,Friday,14:00,Billing,46,45,43,1,400.1,13,93.5
2026-01-09,Friday,14:30,Billing,40,40,40,0,255.5,12,100.0
2026-01-09,Friday,15:00,Billing,41,40,38,1,331.9,9,92.7
2026-01-09,Friday,15:30,Billing,48,48,48,0,243.2,10,100.0
2026-01-09,Friday,16:00,Billing,48,47,45,1,288.7,13,93.8
2026-01-09,Friday,16:30,Billing,49,47,43,2,394.3,12,87.8
2026-01-09,Friday,17:00,Billing,56,55,53,1,303.4,12,94.6
2026-01-09,Friday,17:30,Billing,62,57,46,5,363.9,13,74.2
2026-01-09,Friday,18:00,Billing,51,51,51,0,264.3,11,100.0
2026-01-09,Friday,18:30,Billing,58,56,51,2,395.1,14,87.9
2026-01-09,Friday,19:00,Billing,67,65,60,2,302.1,13,89.6
2026-01-09,Friday,19:30,Billing,72,69,62,3,304.4,14,86.1
2026-01-09,Friday,20:00,Billing,59,58,57,1,355.3,15,96.6
2026-01-09,Friday,20:30,Billing,49,48,46,1,315.6,11,93.9
2026-01-09,Friday,21:00,Billing,44,43,42,1,343.2,10,95.5
2026-01-09,Friday,21:30,Billing,56,56,56,0,277.0,13,100.0
2026-01-09,Friday,08:00,Tech Support,40,37,31,3,492.8,11,77.5
2026-01-09,Friday,08:30,Tech Support,34,32,27,2,468.9,10,79.4
2026-01-09,Friday,09:00,Tech Support,31,30,29,1,442.0,11,93.5
2026-01-09,Friday,09:30,Tech Support,48,43,33,5,461.0,12,68.8
2026-01-09,Friday,10:00,Tech Support,40,40,39,0,430.7,14,97.5
2026-01-09,Friday,10:30,Tech Support,35,35,35,0,459.7,13,100.0
2026-01-09,Friday,11:00,Tech Support,44,42,37,2,498.0,12,84.1
2026-01-09,Friday,11:30,Tech Support,40,39,36,1,558.0,14,90.0
2026-01-09,Friday,12:00,Tech Support,38,38,37,0,472.7,12,97.4
2026-01-09,Friday,12:30,Tech Support,39,38,36,1,508.9,13,92.3
2026-01-09,Friday,13:00,Tech Support,27,27,26,0,422.8,11,96.3
2026-01-09,Friday,13:30,Tech Support,30,29,27,1,456.7,11,90.0
2026-01-09,Friday,14:00,Tech Support,24,24,24,0,490.2,14,100.0
2026-01-09,Friday,14:30,Tech Support,36,35,32,1,468.6,11,88.9
2026-01-09,Friday,15:00,Tech Support,33,33,32,0,476.0,13,97.0
2026-01-09,Friday,15:30,Tech Support,26,25,23,1,513.7,9,88.5
2026-01-09,Friday,16:00,Tech Support,28,26,22,2,481.4,8,78.6
2026-01-09,Friday,16:30,Tech Support,26,26,25,0,483.8,12,96.2
2026-01-09,Friday,17:00,Tech Support,29,29,29,0,429.0,10,100.0
2026-01-09,Friday,17:30,Tech Support,31,31,31,0,484.0,11,100.0
2026-01-09,Friday,18:00,Tech Support,29,29,29,0,431.9,12,100.0
2026-01-09,Friday,18:30,Tech Support,31,30,27,1,458.2,9,87.1
2026-01-09,Friday,19:00,Tech Support,33,32,30,1,439.7,12,90.9
2026-01-09,Friday,19:30,Tech Support,37,35,29,2,526.4,11,78.4
2026-01-09,Friday,20:00,Tech Support,28,28,28,0,478.5,13,100.0
2026-01-09,Friday,20:30,Tech Support,21,20,17,1,511.3,7,81.0
2026-01-09,Friday,21:00,Tech Support,28,27,23,1,412.3,8,82.1
2026-01-09,Friday,21:30,Tech Support,32,30,24,2,521.9,10,75.0
2026-01-10,Saturday,08:00,Billing,37,36,34,1,340.8,13,91.9
2026-01-10,Saturday,08:30,Billing,30,29,28,1,356.2,10,93.3
2026-01-10,Saturday,09:00,Billing,38,38,37,0,326.3,15,97.4
2026-01-10,Saturday,09:30,Billing,43,42,39,1,349.3,14,90.7
2026-01-10,Saturday,10:00,Billing,49,49,49,0,308.0,13,100.0
2026-01-10,Saturday,10:30,Billing,61,60,57,1,316.3,15,93.4
2026-01-10,Saturday,11:00,Billing,63,61,57,2,307.8,13,90.5
2026-01-10,Saturday,11:30,Billing,52,52,51,0,330.9,14,98.1
2026-01-10,Saturday,12:00,Billing,48,48,48,0,285.8,14,100.0
2026-01-10,Saturday,12:30,Billing,40,40,39,0,349.3,12,97.5
2026-01-10,Saturday,13:00,Billing,47,45,40,2,363.0,11,85.1
2026-01-10,Saturday,13:30,Billing,38,38,38,0,323.9,11,100.0
2026-01-10,Saturday,14:00,Billing,35,34,32,1,338.4,14,91.4
2026-01-10,Saturday,14:30,Billing,40,39,36,1,374.3,10,90.0
2026-01-10,Saturday,15:00,Billing,35,35,34,0,336.8,11,97.1
2026-01-10,Saturday,15:30,Billing,32,31,30,1,328.5,12,93.8
2026-01-10,Saturday,16:00,Billing,35,34,33,1,267.8,12,94.3
2026-01-10,Saturday,16:30,Billing,32,32,32,0,356.7,14,100.0
2026-01-10,Saturday,17:00,Billing,36,35,33,1,367.7,11,91.7
2026-01-10,Saturday,17:30,Billing,49,48,44,1,339.9,15,89.8
2026-01-10,Saturday,18:00,Billing,44,44,44,0,322.9,11,100.0
2026-01-10,Saturday,18:30,Billing,49,47,43,2,352.7,11,87.8
2026-01-10,Saturday,19:00,Billing,42,41,40,1,323.7,12,95.2
2026-01-10,Saturday,19:30,Billing,34,33,31,1,316.5,12,91.2
2026-01-10,Saturday,20:00,Billing,40,40,39,0,371.7,11,97.5
2026-01-10,Saturday,20:30,Billing,44,43,40,1,305.5,12,90.9
2026-01-10,Saturday,21:00,Billing,43,42,40,1,322.0,9,93.0
2026-01-10,Saturday,21:30,Billing,37,36,34,1,320.2,9,91.9
2026-01-10,Saturday,08:00,Tech Support,22,22,21,0,457.6,11,95.5
2026-01-10,Saturday,08:30,Tech Support,33,31,26,2,425.0,8,78.8
2026-01-10,Saturday,09:00,Tech Support,20,19,18,1,463.7,14,90.0
2026-01-10,Saturday,09:30,Tech Support,30,30,30,0,398.6,12,100.0
2026-01-10,Saturday,10:00,Tech Support,29,29,28,0,515.9,12,96.6
2026-01-10,Saturday,10:30,Tech Support,29,29,29,0,476.0,11,100.0
2026-01-10,Saturday,11:00,Tech Support,42,38,29,4,501.2,10,69.0
2026-01-10,Saturday,11:30,Tech Support,24,24,24,0,547.3,14,100.0
2026-01-10,Saturday,12:00,Tech Support,35,34,33,1,482.6,12,94.3
2026-01-10,Saturday,12:30,Tech Support,29,29,29,0,429.5,11,100.0
2026-01-10,Saturday,13:00,Tech Support,24,24,23,0,451.3,11,95.8
2026-01-10,Saturday,13:30,Tech Support,19,19,18,0,434.1,11,94.7
2026-01-10,Saturday,14:00,Tech Support,19,19,18,0,452.9,9,94.7
2026-01-10,Saturday,14:30,Tech Support,22,22,22,0,502.0,12,100.0
2026-01-10,Saturday,15:00,Tech Support,22,22,21,0,438.8,9,95.5
2026-01-10,Saturday,15:30,Tech Support,13,13,13,0,475.0,8,100.0
2026-01-10,Saturday,16:00,Tech Support,21,21,20,0,464.2,10,95.2
2026-01-10,Saturday,16:30,Tech Support,23,23,22,0,490.4,8,95.7
2026-01-10,Saturday,17:00,Tech Support,26,25,23,1,508.3,11,88.5
2026-01-10,Saturday,17:30,Tech Support,34,33,31,1,522.5,13,91.2
2026-01-10,Saturday,18:00,Tech Support,21,21,21,0,422.0,11,100.0
2026-01-10,Saturday,18:30,Tech Support,30,30,29,0,468.6,11,96.7
2026-01-10,Saturday,19:00,Tech Support,34,33,31,1,478.6,11,91.2
2026-01-10,Saturday,19:30,Tech Support,22,22,22,0,412.8,11,100.0
2026-01-10,Saturday,20:00,Tech Support,25,24,23,1,411.7,7,92.0
2026-01-10,Saturday,20:30,Tech Support,17,17,17,0,463.8,11,100.0
2026-01-10,Saturday,21:00,Tech Support,21,21,21,0,406.2,11,100.0
2026-01-10,Saturday,21:30,Tech Support,21,21,21,0,503.6,11,100.0
2026-01-11,Sunday,08:00,Billing,34,34,34,0,290.9,12,100.0
2026-01-11,Sunday,08:30,Billing,31,30,29,1,320.9,14,93.5
2026-01-11,Sunday,09:00,Billing,30,29,27,1,360.8,10,90.0
2026-01-11,Sunday,09:30,Billing,31,31,31,0,290.9,13,100.0
2026-01-11,Sunday,10:00,Billing,33,33,33,0,319.5,15,100.0
2026-01-11,Sunday,10:30,Billing,44,43,40,1,366.5,15,90.9
2026-01-11,Sunday,11:00,Billing,42,42,42,0,379.4,16,100.0
2026-01-11,Sunday,11:30,Billing,53,52,50,1,338.2,16,94.3
2026-01-11,Sunday,12:00,Billing,44,44,44,0,292.7,11,100.0
2026-01-11,Sunday,12:30,Billing,36,36,36,0,273.1,14,100.0
2026-01-11,Sunday,13:00,Billing,37,36,34,1,259.7,13,91.9
2026-01-11,Sunday,13:30,Billing,35,34,33,1,349.0,14,94.3
2026-01-11,Sunday,14:00,Billing,30,29,27,1,320.7,11,90.0
2026-01-11,Sunday,14:30,Billing,27,27,27,0,292.3,11,100.0
2026-01-11,Sunday,15:00,Billing,38,38,37,0,351.7,10,97.4
2026-01-11,Sunday,15:30,Billing,29,28,25,1,227.9,14,86.2
2026-01-11,Sunday,16:00,Billing,28,27,26,1,318.9,10,92.9
2026-01-11,Sunday,16:30,Billing,30,29,28,1,288.3,11,93.3
2026-01-11,Sunday,17:00,Billing,31,30,29,1,269.8,12,93.5
2026-01-11,Sunday,17:30,Billing,39,38,36,1,386.1,13,92.3
2026-01-11,Sunday,18:00,Billing,30,29,27,1,285.4,13,90.0
2026-01-11,Sunday,18:30,Billing,25,25,25,0,298.2,12,100.0
2026-01-11,Sunday,19:00,Billing,37,37,36,0,267.8,12,97.3
2026-01-11,Sunday,19:30,Billing,37,36,35,1,287.9,12,94.6
2026-01-11,Sunday,20:00,Billing,37,36,34,1,320.5,12,91.9
2026-01-11,Sunday,20:30,Billing,16,16,16,0,326.9,11,100.0
2026-01-11,Sunday,21:00,Billing,28,27,25,1,333.7,14,89.3
2026-01-11,Sunday,21:30,Billing,30,30,30,0,337.6,14,100.0
2026-01-11,Sunday,08:00,Tech Support,15,15,14,0,481.1,10,93.3
2026-01-11,Sunday,08:30,Tech Support,16,16,16,0,432.4,11,100.0
2026-01-11,Sunday,09:00,Tech Support,23,23,22,0,490.6,11,95.7
2026-01-11,Sunday,09:30,Tech Support,40,39,36,1,456.7,12,90.0
2026-01-11,Sunday,10:00,Tech Support,29,29,29,0,435.7,15,100.0
2026-01-11,Sunday,10:30,Tech Support,18,18,18,0,535.7,13,100.0
2026-01-11,Sunday,11:00,Tech Support,17,17,16,0,496.7,12,94.1
2026-01-11,Sunday,11:30,Tech Support,21,21,21,0,433.3,10,100.0
2026-01-11,Sunday,12:00,Tech Support,29,29,28,0,463.3,14,96.6
2026-01-11,Sunday,12:30,Tech Support,18,18,17,0,484.0,12,94.4
2026-01-11,Sunday,13:00,Tech Support,15,15,15,0,490.3,12,100.0
2026-01-11,Sunday,13:30,Tech Support,21,21,21,0,431.7,9,100.0
2026-01-11,Sunday,14:00,Tech Support,15,15,15,0,437.1,12,100.0
2026-01-11,Sunday,14:30,Tech Support,19,18,17,1,500.4,9,89.5
2026-01-11,Sunday,15:00,Tech Support,19,19,19,0,429.4,12,100.0
2026-01-11,Sunday,15:30,Tech Support,17,17,17,0,473.9,11,100.0
2026-01-11,Sunday,16:00,Tech Support,25,24,21,1,468.0,8,84.0
2026-01-11,Sunday,16:30,Tech Support,15,15,15,0,459.9,8,100.0
2026-01-11,Sunday,17:00,Tech Support,18,18,18,0,448.0,11,100.0
2026-01-11,Sunday,17:30,Tech Support,16,16,16,0,515.8,12,100.0
2026-01-11,Sunday,18:00,Tech Support,21,21,21,0,496.4,11,100.0
2026-01-11,Sunday,18:30,Tech Support,27,27,27,0,483.3,12,100.0
2026-01-11,Sunday,19:00,Tech Support,27,26,24,1,534.0,11,88.9
2026-01-11,Sunday,19:30,Tech Support,20,20,20,0,470.2,10,100.0
2026-01-11,Sunday,20:00,Tech Support,22,22,22,0,487.4,11,100.0
2026-01-11,Sunday,20:30,Tech Support,16,16,16,0,497.1,10,100.0
2026-01-11,Sunday,21:00,Tech Support,15,15,15,0,481.5,9,100.0
2026-01-11,Sunday,21:30,Tech Support,16,16,16,0,557.2,9,100.0
2026-01-12,Monday,08:00,Billing,74,60,31,14,411.8,11,41.9
2026-01-12,Monday,08:30,Billing,79,71,53,8,338.7,13,67.1
2026-01-12,Monday,09:00,Billing,77,76,73,1,318.4,17,94.8
2026-01-12,Monday,09:30,Billing,89,83,69,6,297.0,15,77.5
2026-01-12,Monday,10:00,Billing,91,75,43,16,355.6,13,47.3
2026-01-12,Monday,10:30,Billing,111,88,42,23,341.6,13,37.8
2026-01-12,Monday,11:00,Billing,97,93,82,4,297.0,17,84.5
2026-01-12,Monday,11:30,Billing,114,78,16,36,428.4,12,14.0
2026-01-12,Monday,12:00,Billing,85,78,63,7,292.3,14,74.1
2026-01-12,Monday,12:30,Billing,96,83,54,13,346.8,14,56.2
2026-01-12,Monday,13:00,Billing,79,63,32,16,338.2,10,40.5
2026-01-12,Monday,13:30,Billing,59,55,47,4,400.4,13,79.7
2026-01-12,Monday,14:00,Billing,49,47,43,2,331.3,12,87.8
2026-01-12,Monday,14:30,Billing,58,53,42,5,322.5,10,72.4
2026-01-12,Monday,15:00,Billing,70,64,51,6,351.2,13,72.9
2026-01-12,Monday,15:30,Billing,77,66,42,11,351.4,11,54.5
2026-01-12,Monday,16:00,Billing,54,53,49,1,330.5,12,90.7
2026-01-12,Monday,16:30,Billing,76,66,44,10,333.2,11,57.9
2026-01-12,Monday,17:00,Billing,67,62,50,5,339.7,13,74.6
2026-01-12,Monday,17:30,Billing,74,67,51,7,297.7,11,68.9
2026-01-12,Monday,18:00,Billing,88,80,63,8,319.3,15,71.6
2026-01-12,Monday,18:30,Billing,82,69,41,13,347.2,12,50.0
2026-01-12,Monday,19:00,Billing,54,50,41,4,370.8,11,75.9
2026-01-12,Monday,19:30,Billing,70,58,34,12,366.2,10,48.6
2026-01-12,Monday,20:00,Billing,65,51,23,14,349.3,8,35.4
2026-01-12,Monday,20:30,Billing,61,59,53,2,346.7,13,86.9
2026-01-12,Monday,21:00,Billing,69,63,50,6,314.1,12,72.5
2026-01-12,Monday,21:30,Billing,60,46,20,14,334.4,7,33.3
2026-01-12,Monday,08:00,Tech Support,32,32,31,0,410.6,12,96.9
2026-01-12,Monday,08:30,Tech Support,47,42,31,5,496.0,11,66.0
2026-01-12,Monday,09:00,Tech Support,41,40,37,1,424.7,11,90.2
2026-01-12,Monday,09:30,Tech Support,53,49,39,4,520.8,13,73.6
2026-01-12,Monday,10:00,Tech Support,61,50,27,11,469.3,11,44.3
2026-01-12,Monday,10:30,Tech Support,50,46,37,4,492.9,12,74.0
2026-01-12,Monday,11:00,Tech Support,41,40,37,1,482.0,13,90.2
2026-01-12,Monday,11:30,Tech Support,51,44,29,7,558.2,12,56.9
2026-01-12,Monday,12:00,Tech Support,49,39,18,10,480.4,8,36.7
2026-01-12,Monday,12:30,Tech Support,57,50,35,7,485.9,13,61.4
2026-01-12,Monday,13:00,Tech Support,38,35,29,3,478.8,10,76.3
2026-01-12,Monday,13:30,Tech Support,45,37,21,8,531.8,10,46.7
2026-01-12,Monday,14:00,Tech Support,32,31,30,1,506.2,11,93.8
2026-01-12,Monday,14:30,Tech Support,43,39,30,4,485.3,10,69.8
2026-01-12,Monday,15:00,Tech Support,48,41,27,7,445.1,9,56.2
2026-01-12,Monday,15:30,Tech Support,37,32,22,5,519.2,9,59.5
2026-01-12,Monday,16:00,Tech Support,50,44,30,6,471.7,10,60.0
2026-01-12,Monday,16:30,Tech Support,51,41,20,10,497.7,9,39.2
2026-01-12,Monday,17:00,Tech Support,49,37,14,12,507.7,8,28.6
2026-01-12,Monday,17:30,Tech Support,48,41,25,7,519.3,11,52.1
2026-01-12,Monday,18:00,Tech Support,39,35,27,4,490.8,10,69.2
2026-01-12,Monday,18:30,Tech Support,31,31,30,0,457.5,12,96.8
2026-01-12,Monday,19:00,Tech Support,48,40,23,8,455.6,9,47.9
2026-01-12,Monday,19:30,Tech Support,37,36,33,1,397.0,10,89.2
2026-01-12,Monday,20:00,Tech Support,40,40,40,0,429.6,12,100.0
2026-01-12,Monday,20:30,Tech Support,39,28,8,11,501.6,6,20.5
2026-01-12,Monday,21:00,Tech Support,37,35,31,2,464.7,10,83.8
2026-01-12,Monday,21:30,Tech Support,34,33,31,1,479.4,13,91.2
2026-01-13,Tuesday,08:00,Billing,54,51,44,3,333.6,11,81.5
2026-01-13,Tuesday,08:30,Billing,50,50,50,0,295.6,13,100.0
2026-01-13,Tuesday,09:00,Billing,67,65,61,2,355.9,14,91.0
2026-01-13,Tuesday,09:30,Billing,67,61,47,6,348.9,12,70.1
2026-01-13,Tuesday,10:00,Billing,83,70,42,13,308.8,11,50.6
2026-01-13,Tuesday,10:30,Billing,77,70,54,7,324.6,13,70.1
2026-01-13,Tuesday,11:00,Billing,78,72,59,6,376.3,16,75.6
2026-01-13,Tuesday,11:30,Billing,100,86,55,14,341.5,15,55.0
2026-01-13,Tuesday,12:00,Billing,83,76,61,7,337.4,15,73.5
2026-01-13,Tuesday,12:30,Billing,94,79,48,15,337.6,13,51.1
2026-01-13,Tuesday,13:00,Billing,66,63,57,3,359.7,15,86.4
2026-01-13,Tuesday,13:30,Billing,85,69,38,16,356.8,11,44.7
2026-01-13,Tuesday,14:00,Billing,58,58,58,0,253.3,11,100.0
2026-01-13,Tuesday,14:30,Billing,55,54,51,1,372.6,13,92.7
2026-01-13,Tuesday,15:00,Billing,56,55,52,1,319.3,11,92.9
2026-01-13,Tuesday,15:30,Billing,62,53,33,9,349.4,9,53.2
2026-01-13,Tuesday,16:00,Billing,68,60,43,8,349.0,12,63.2
2026-01-13,Tuesday,16:30,Billing,48,48,48,0,327.5,12,100.0
2026-01-13,Tuesday,17:00,Billing,57,55,51,2,349.0,13,89.5
2026-01-13,Tuesday,17:30,Billing,73,66,51,7,299.6,12,69.9
2026-01-13,Tuesday,18:00,Billing,68,64,55,4,346.8,14,80.9
2026-01-13,Tuesday,18:30,Billing,68,65,58,3,313.0,12,85.3
2026-01-13,Tuesday,19:00,Billing,59,58,56,1,271.2,12,94.9
2026-01-13,Tuesday,19:30,Billing,62,55,40,7,316.7,9,64.5
2026-01-13,Tuesday,20:00,Billing,68,63,52,5,342.6,12,76.5
2026-01-13,Tuesday,20:30,Billing,58,51,36,7,345.4,9,62.1
2026-01-13,Tuesday,21:00,Billing,49,47,43,2,381.6,12,87.8
2026-01-13,Tuesday,21:30,Billing,55,55,55,0,296.3,13,100.0
2026-01-13,Tuesday,08:00,Tech Support,28,28,28,0,477.0,11,100.0
2026-01-13,Tuesday,08:30,Tech Support,32,31,29,1,529.4,11,90.6
2026-01-13,Tuesday,09:00,Tech Support,37,36,34,1,423.7,10,91.9
2026-01-13,Tuesday,09:30,Tech Support,40,37,29,3,516.3,10,72.5
2026-01-13,Tuesday,10:00,Tech Support,44,38,24,6,521.3,10,54.5
2026-01-13,Tuesday,10:30,Tech Support,60,50,29,10,433.4,10,48.3
2026-01-13,Tuesday,11:00,Tech Support,49,45,37,4,415.0,11,75.5
2026-01-13,Tuesday,11:30,Tech Support,49,41,25,8,538.0,11,51.0
2026-01-13,Tuesday,12:00,Tech Support,55,50,38,5,460.7,12,69.1
2026-01-13,Tuesday,12:30,Tech Support,37,35,30,2,478.5,11,81.1
2026-01-13,Tuesday,13:00,Tech Support,36,35,33,1,519.9,13,91.7
2026-01-13,Tuesday,13:30,Tech Support,34,33,31,1,459.5,11,91.2
2026-01-13,Tuesday,14:00,Tech Support,40,36,28,4,530.6,10,70.0
2026-01-13,Tuesday,14:30,Tech Support,26,24,18,2,563.7,8,69.2
2026-01-13,Tuesday,15:00,Tech Support,40,36,26,4,479.3,9,65.0
2026-01-13,Tuesday,15:30,Tech Support,34,30,21,4,495.7,8,61.8
2026-01-13,Tuesday,16:00,Tech Support,28,28,27,0,465.2,10,96.4
2026-01-13,Tuesday,16:30,Tech Support,45,42,36,3,457.0,11,80.0
2026-01-13,Tuesday,17:00,Tech Support,34,34,34,0,471.6,11,100.0
2026-01-13,Tuesday,17:30,Tech Support,42,40,36,2,495.9,13,85.7
2026-01-13,Tuesday,18:00,Tech Support,38,36,32,2,428.0,11,84.2
2026-01-13,Tuesday,18:30,Tech Support,44,41,33,3,485.1,12,75.0
2026-01-13,Tuesday,19:00,Tech Support,29,29,29,0,509.2,13,100.0
2026-01-13,Tuesday,19:30,Tech Support,39,39,38,0,379.8,11,97.4
2026-01-13,Tuesday,20:00,Tech Support,42,35,21,7,477.4,8,50.0
2026-01-13,Tuesday,20:30,Tech Support,33,32,30,1,485.7,12,90.9
2026-01-13,Tuesday,21:00,Tech Support,34,33,31,1,419.3,10,91.2
2026-01-13,Tuesday,21:30,Tech Support,32,31,29,1,474.1,13,90.6
2026-01-14,Wednesday,08:00,Billing,61,56,44,5,329.1,11,72.1
2026-01-14,Wednesday,08:30,Billing,55,50,39,5,352.7,11,70.9
2026-01-14,Wednesday,09:00,Billing,56,53,45,3,366.6,12,80.4
2026-01-14,Wednesday,09:30,Billing,77,68,48,9,343.7,13,62.3
2026-01-14,Wednesday,10:00,Billing,67,67,66,0,288.1,15,98.5
2026-01-14,Wednesday,10:30,Billing,82,73,52,9,305.7,12,63.4
2026-01-14,Wednesday,11:00,Billing,78,72,59,6,305.7,12,75.6
2026-01-14,Wednesday,11:30,Billing,76,70,57,6,363.9,15,75.0
2026-01-14,Wednesday,12:00,Billing,76,67,47,9,422.2,15,61.8
2026-01-14,Wednesday,12:30,Billing,65,59,44,6,382.7,12,67.7
2026-01-14,Wednesday,13:00,Billing,54,53,51,1,333.3,13,94.4
2026-01-14,Wednesday,13:30,Billing,54,50,42,4,381.8,12,77.8
2026-01-14,Wednesday,14:00,Billing,56,54,49,2,353.6,13,87.5
2026-01-14,Wednesday,14:30,Billing,47,47,47,0,320.9,13,100.0
2026-01-14,Wednesday,15:00,Billing,52,50,46,2,333.8,14,88.5
2026-01-14,Wednesday,15:30,Billing,41,40,39,1,317.2,11,95.1
2026-01-14,Wednesday,16:00,Billing,42,41,38,1,356.4,13,90.5
2026-01-14,Wednesday,16:30,Billing,45,45,45,0,325.9,15,100.0
2026-01-14,Wednesday,17:00,Billing,52,51,48,1,347.3,12,92.3
2026-01-14,Wednesday,17:30,Billing,60,58,54,2,368.4,14,90.0
2026-01-14,Wednesday,18:00,Billing,66,63,56,3,310.1,12,84.8
2026-01-14,Wednesday,18:30,Billing,62,60,55,2,380.1,15,88.7
2026-01-14,Wednesday,19:00,Billing,64,63,60,1,278.6,14,93.8
2026-01-14,Wednesday,19:30,Billing,53,53,53,0,286.0,13,100.0
2026-01-14,Wednesday,20:00,Billing,63,60,53,3,265.5,11,84.1
2026-01-14,Wednesday,20:30,Billing,45,44,42,1,251.5,10,93.3
2026-01-14,Wednesday,21:00,Billing,42,42,42,0,340.7,13,100.0
2026-01-14,Wednesday,21:30,Billing,41,41,40,0,335.0,11,97.6
2026-01-14,Wednesday,08:00,Tech Support,28,27,25,1,476.7,9,89.3
2026-01-14,Wednesday,08:30,Tech Support,24,24,24,0,482.8,9,100.0
2026-01-14,Wednesday,09:00,Tech Support,31,30,27,1,515.7,10,87.1
2026-01-14,Wednesday,09:30,Tech Support,39,37,33,2,499.0,11,84.6
2026-01-14,Wednesday,10:00,Tech Support,51,49,45,2,492.5,15,88.2
2026-01-14,Wednesday,10:30,Tech Support,32,31,29,1,511.9,11,90.6
2026-01-14,Wednesday,11:00,Tech Support,48,47,44,1,456.3,14,91.7
2026-01-14,Wednesday,11:30,Tech Support,46,42,34,4,469.1,11,73.9
2026-01-14,Wednesday,12:00,Tech Support,32,29,22,3,453.6,8,68.8
2026-01-14,Wednesday,12:30,Tech Support,28,28,28,0,453.7,14,100.0
2026-01-14,Wednesday,13:00,Tech Support,40,38,34,2,475.4,11,85.0
2026-01-14,Wednesday,13:30,Tech Support,28,27,25,1,520.9,9,89.3
2026-01-14,Wednesday,14:00,Tech Support,26,25,23,1,391.9,7,88.5
2026-01-14,Wednesday,14:30,Tech Support,27,26,24,1,486.5,13,88.9
2026-01-14,Wednesday,15:00,Tech Support,27,26,24,1,454.2,10,88.9
2026-01-14,Wednesday,15:30,Tech Support,32,30,26,2,516.0,10,81.2
2026-01-14,Wednesday,16:00,Tech Support,41,36,24,5,491.1,9,58.5
2026-01-14,Wednesday,16:30,Tech Support,43,41,37,2,476.9,13,86.0
2026-01-14,Wednesday,17:00,Tech Support,40,39,36,1,464.4,11,90.0
2026-01-14,Wednesday,17:30,Tech Support,32,32,31,0,502.4,13,96.9
2026-01-14,Wednesday,18:00,Tech Support,35,34,31,1,453.2,9,88.6
2026-01-14,Wednesday,18:30,Tech Support,36,35,34,1,523.7,12,94.4
2026-01-14,Wednesday,19:00,Tech Support,32,31,28,1,517.1,10,87.5
2026-01-14,Wednesday,19:30,Tech Support,25,25,25,0,465.3,11,100.0
2026-01-14,Wednesday,20:00,Tech Support,26,25,23,1,517.0,11,88.5
2026-01-14,Wednesday,20:30,Tech Support,17,17,17,0,474.0,10,100.0
2026-01-14,Wednesday,21:00,Tech Support,34,30,22,4,500.0,8,64.7
2026-01-14,Wednesday,21:30,Tech Support,26,26,26,0,450.8,10,100.0
2026-01-15,Thursday,08:00,Billing,55,54,51,1,312.8,12,92.7
2026-01-15,Thursday,08:30,Billing,47,47,47,0,361.1,14,100.0
2026-01-15,Thursday,09:00,Billing,52,50,46,2,327.3,12,88.5
2026-01-15,Thursday,09:30,Billing,64,63,61,1,306.5,13,95.3
2026-01-15,Thursday,10:00,Billing,79,73,58,6,336.0,14,73.4
2026-01-15,Thursday,10:30,Billing,72,64,46,8,402.7,13,63.9
2026-01-15,Thursday,11:00,Billing,83,77,63,6,357.0,17,75.9
2026-01-15,Thursday,11:30,Billing,73,69,59,4,313.7,13,80.8
2026-01-15,Thursday,12:00,Billing,68,67,65,1,298.3,14,95.6
2026-01-15,Thursday,12:30,Billing,69,63,50,6,362.8,12,72.5
2026-01-15,Thursday,13:00,Billing,64,57,42,7,350.7,11,65.6
2026-01-15,Thursday,13:30,Billing,65,61,53,4,327.5,12,81.5
2026-01-15,Thursday,14:00,Billing,47,47,47,0,301.5,12,100.0
2026-01-15,Thursday,14:30,Billing,42,41,39,1,306.7,11,92.9
2026-01-15,Thursday,15:00,Billing,55,54,52,1,336.5,13,94.5
2026-01-15,Thursday,15:30,Billing,63,57,43,6,353.4,11,68.3
2026-01-15,Thursday,16:00,Billing,39,39,39,0,290.6,14,100.0
2026-01-15,Thursday,16:30,Billing,63,62,60,1,323.4,17,95.2
2026-01-15,Thursday,17:00,Billing,55,54,53,1,343.0,14,96.4
2026-01-15,Thursday,17:30,Billing,68,63,50,5,339.5,12,73.5
2026-01-15,Thursday,18:00,Billing,68,67,65,1,302.8,17,95.6
2026-01-15,Thursday,18:30,Billing,51,51,51,0,328.2,14,100.0
2026-01-15,Thursday,19:00,Billing,57,53,44,4,341.9,11,77.2
2026-01-15,Thursday,19:30,Billing,52,51,49,1,367.2,13,94.2
2026-01-15,Thursday,20:00,Billing,63,63,62,0,268.4,13,98.4
2026-01-15,Thursday,20:30,Billing,51,48,41,3,295.5,9,80.4
2026-01-15,Thursday,21:00,Billing,51,50,46,1,282.1,10,90.2
2026-01-15,Thursday,21:30,Billing,49,49,48,0,280.2,10,98.0
2026-01-15,Thursday,08:00,Tech Support,43,34,17,9,517.0,8,39.5
2026-01-15,Thursday,08:30,Tech Support,36,35,34,1,459.9,12,94.4
2026-01-15,Thursday,09:00,Tech Support,32,32,32,0,468.0,11,100.0
2026-01-15,Thursday,09:30,Tech Support,29,29,29,0,481.4,11,100.0
2026-01-15,Thursday,10:00,Tech Support,32,31,29,1,496.3,10,90.6
2026-01-15,Thursday,10:30,Tech Support,45,40,29,5,529.9,12,64.4
2026-01-15,Thursday,11:00,Tech Support,46,42,33,4,459.3,11,71.7
2026-01-15,Thursday,11:30,Tech Support,29,28,27,1,464.3,15,93.1
2026-01-15,Thursday,12:00,Tech Support,43,40,34,3,505.9,13,79.1
2026-01-15,Thursday,12:30,Tech Support,29,29,29,0,489.1,12,100.0
2026-01-15,Thursday,13:00,Tech Support,39,38,37,1,432.8,12,94.9
2026-01-15,Thursday,13:30,Tech Support,39,38,36,1,430.8,12,92.3
2026-01-15,Thursday,14:00,Tech Support,28,27,26,1,468.2,10,92.9
2026-01-15,Thursday,14:30,Tech Support,30,29,26,1,462.8,11,86.7
2026-01-15,Thursday,15:00,Tech Support,30,30,29,0,451.4,12,96.7
2026-01-15,Thursday,15:30,Tech Support,28,28,27,0,412.9,8,96.4
2026-01-15,Thursday,16:00,Tech Support,31,31,31,0,466.0,13,100.0
2026-01-15,Thursday,16:30,Tech Support,36,35,33,1,454.1,12,91.7
2026-01-15,Thursday,17:00,Tech Support,32,32,31,0,444.0,10,96.9
2026-01-15,Thursday,17:30,Tech Support,36,36,35,0,459.6,12,97.2
2026-01-15,Thursday,18:00,Tech Support,37,37,37,0,485.3,12,100.0
2026-01-15,Thursday,18:30,Tech Support,51,43,26,8,588.1,12,51.0
2026-01-15,Thursday,19:00,Tech Support,29,29,29,0,464.5,10,100.0
2026-01-15,Thursday,19:30,Tech Support,29,29,28,0,518.1,12,96.6
2026-01-15,Thursday,20:00,Tech Support,21,21,21,0,469.0,10,100.0
2026-01-15,Thursday,20:30,Tech Support,36,33,27,3,500.5,10,75.0
2026-01-15,Thursday,21:00,Tech Support,29,26,20,3,478.8,7,69.0
2026-01-15,Thursday,21:30,Tech Support,22,22,21,0,471.4,11,95.5
2026-01-16,Friday,08:00,Billing,52,52,52,0,356.7,14,100.0
2026-01-16,Friday,08:30,Billing,49,49,48,0,339.0,12,98.0
2026-01-16,Friday,09:00,Billing,45,44,42,1,344.7,14,93.3
2026-01-16,Friday,09:30,Billing,57,56,53,1,311.6,12,93.0
2026-01-16,Friday,10:00,Billing,63,59,49,4,347.0,12,77.8
2026-01-16,Friday,10:30,Billing,69,64,53,5,334.4,14,76.8
2026-01-16,Friday,11:00,Billing,80,74,61,6,329.7,14,76.2
2026-01-16,Friday,11:30,Billing,86,80,67,6,341.4,17,77.9
2026-01-16,Friday,12:00,Billing,75,71,62,4,275.8,13,82.7
2026-01-16,Friday,12:30,Billing,62,57,47,5,351.0,12,75.8
2026-01-16,Friday,13:00,Billing,71,67,58,4,305.0,14,81.7
2026-01-16,Friday,13:30,Billing,54,52,46,2,388.5,13,85.2
2026-01-16,Friday,14:00,Billing,59,54,43,5,334.5,11,72.9
2026-01-16,Friday,14:30,Billing,54,52,48,2,363.1,12,88.9
2026-01-16,Friday,15:00,Billing,53,49,40,4,428.5,12,75.5
2026-01-16,Friday,15:30,Billing,54,51,44,3,348.4,11,81.5
2026-01-16,Friday,16:00,Billing,51,48,42,3,399.4,12,82.4
2026-01-16,Friday,16:30,Billing,52,52,52,0,318.5,12,100.0
2026-01-16,Friday,17:00,Billing,40,40,40,0,274.7,14,100.0
2026-01-16,Friday,17:30,Billing,67,64,57,3,300.4,13,85.1
2026-01-16,Friday,18:00,Billing,72,62,41,10,333.6,11,56.9
2026-01-16,Friday,18:30,Billing,59,55,47,4,402.2,15,79.7
2026-01-16,Friday,19:00,Billing,66,65,62,1,275.9,12,93.9
2026-01-16,Friday,19:30,Billing,61,52,33,9,351.4,9,54.1
2026-01-16,Friday,20:00,Billing,55,55,55,0,312.5,13,100.0
2026-01-16,Friday,20:30,Billing,48,47,46,1,339.3,12,95.8
2026-01-16,Friday,21:00,Billing,43,43,43,0,320.1,12,100.0
2026-01-16,Friday,21:30,Billing,42,42,41,0,367.8,11,97.6
2026-01-16,Friday,08:00,Tech Support,27,26,23,1,502.3,8,85.2
2026-01-16,Friday,08:30,Tech Support,30,29,28,1,495.7,11,93.3
2026-01-16,Friday,09:00,Tech Support,39,38,36,1,458.1,12,92.3
2026-01-16,Friday,09:30,Tech Support,36,35,32,1,477.9,11,88.9
2026-01-16,Friday,10:00,Tech Support,52,42,21,10,469.1,9,40.4
2026-01-16,Friday,10:30,Tech Support,37,35,31,2,433.7,10,83.8
2026-01-16,Friday,11:00,Tech Support,46,43,35,3,525.7,13,76.1
2026-01-16,Friday,11:30,Tech Support,38,38,38,0,451.5,13,100.0
2026-01-16,Friday,12:00,Tech Support,49,45,35,4,470.7,11,71.4
2026-01-16,Friday,12:30,Tech Support,35,34,32,1,438.5,13,91.4
2026-01-16,Friday,13:00,Tech Support,39,37,33,2,472.6,11,84.6
2026-01-16,Friday,13:30,Tech Support,25,24,22,1,484.0,8,88.0
2026-01-16,Friday,14:00,Tech Support,25,24,22,1,505.1,8,88.0
2026-01-16,Friday,14:30,Tech Support,23,23,22,0,507.5,10,95.7
2026-01-16,Friday,15:00,Tech Support,17,17,17,0,491.9,10,100.0
2026-01-16,Friday,15:30,Tech Support,24,24,23,0,551.9,10,95.8
2026-01-16,Friday,16:00,Tech Support,31,30,28,1,444.2,10,90.3
2026-01-16,Friday,16:30,Tech Support,28,28,28,0,495.7,10,100.0
2026-01-16,Friday,17:00,Tech Support,27,27,27,0,417.9,13,100.0
2026-01-16,Friday,17:30,Tech Support,32,31,29,1,531.0,11,90.6
2026-01-16,Friday,18:00,Tech Support,37,35,31,2,507.5,11,83.8
2026-01-16,Friday,18:30,Tech Support,31,29,25,2,463.8,8,80.6
2026-01-16,Friday,19:00,Tech Support,36,34,29,2,492.2,10,80.6
2026-01-16,Friday,19:30,Tech Support,30,30,29,0,516.8,10,96.7
2026-01-16,Friday,20:00,Tech Support,29,27,23,2,474.0,8,79.3
2026-01-16,Friday,20:30,Tech Support,42,36,24,6,538.3,10,57.1
2026-01-16,Friday,21:00,Tech Support,36,33,25,3,529.8,9,69.4
2026-01-16,Friday,21:30,Tech Support,23,23,23,0,489.0,11,100.0
2026-01-17,Saturday,08:00,Billing,37,37,36,0,298.3,12,97.3
2026-01-17,Saturday,08:30,Billing,35,34,32,1,341.0,12,91.4
2026-01-17,Saturday,09:00,Billing,47,47,47,0,269.3,13,100.0
2026-01-17,Saturday,09:30,Billing,59,59,59,0,262.4,11,100.0
2026-01-17,Saturday,10:00,Billing,45,44,42,1,306.0,14,93.3
2026-01-17,Saturday,10:30,Billing,58,57,55,1,314.3,13,94.8
2026-01-17,Saturday,11:00,Billing,63,61,57,2,421.9,17,90.5
2026-01-17,Saturday,11:30,Billing,42,42,41,0,302.4,13,97.6
2026-01-17,Saturday,12:00,Billing,41,41,41,0,304.1,13,100.0
2026-01-17,Saturday,12:30,Billing,48,48,48,0,320.3,14,100.0
2026-01-17,Saturday,13:00,Billing,38,38,38,0,302.6,11,100.0
2026-01-17,Saturday,13:30,Billing,42,42,42,0,354.4,14,100.0
2026-01-17,Saturday,14:00,Billing,29,29,29,0,338.0,13,100.0
2026-01-17,Saturday,14:30,Billing,34,34,33,0,354.5,16,97.1
2026-01-17,Saturday,15:00,Billing,38,37,36,1,312.9,14,94.7
2026-01-17,Saturday,15:30,Billing,32,32,32,0,303.5,9,100.0
2026-01-17,Saturday,16:00,Billing,39,38,36,1,271.7,13,92.3
2026-01-17,Saturday,16:30,Billing,43,43,43,0,307.9,12,100.0
2026-01-17,Saturday,17:00,Billing,45,45,45,0,323.0,11,100.0
2026-01-17,Saturday,17:30,Billing,38,38,38,0,356.6,13,100.0
2026-01-17,Saturday,18:00,Billing,43,43,43,0,362.4,14,100.0
2026-01-17,Saturday,18:30,Billing,48,48,48,0,283.0,14,100.0
2026-01-17,Saturday,19:00,Billing,39,39,38,0,298.3,13,97.4
2026-01-17,Saturday,19:30,Billing,42,42,42,0,265.2,11,100.0
2026-01-17,Saturday,20:00,Billing,36,36,35,0,392.3,11,97.2
2026-01-17,Saturday,20:30,Billing,40,39,36,1,324.0,9,90.0
2026-01-17,Saturday,21:00,Billing,46,45,42,1,318.8,10,91.3
2026-01-17,Saturday,21:30,Billing,35,35,34,0,238.1,10,97.1
2026-01-17,Saturday,08:00,Tech Support,15,15,14,0,489.4,10,93.3
2026-01-17,Saturday,08:30,Tech Support,23,23,22,0,465.2,9,95.7
2026-01-17,Saturday,09:00,Tech Support,25,25,25,0,469.5,12,100.0
2026-01-17,Saturday,09:30,Tech Support,25,25,25,0,468.5,11,100.0
2026-01-17,Saturday,10:00,Tech Support,32,32,32,0,440.6,10,100.0
2026-01-17,Saturday,10:30,Tech Support,41,39,35,2,530.1,13,85.4
2026-01-17,Saturday,11:00,Tech Support,33,33,33,0,476.9,13,100.0
2026-01-17,Saturday,11:30,Tech Support,27,27,27,0,476.7,16,100.0
2026-01-17,Saturday,12:00,Tech Support,20,20,19,0,454.0,10,95.0
2026-01-17,Saturday,12:30,Tech Support,34,34,33,0,439.8,11,97.1
2026-01-17,Saturday,13:00,Tech Support,35,30,18,5,537.5,8,51.4
2026-01-17,Saturday,13:30,Tech Support,33,32,30,1,491.0,11,90.9
2026-01-17,Saturday,14:00,Tech Support,24,24,24,0,437.6,8,100.0
2026-01-17,Saturday,14:30,Tech Support,20,20,19,0,434.4,10,95.0
2026-01-17,Saturday,15:00,Tech Support,16,16,16,0,523.3,9,100.0
2026-01-17,Saturday,15:30,Tech Support,21,21,20,0,470.8,9,95.2
2026-01-17,Saturday,16:00,Tech Support,18,18,17,0,443.0,11,94.4
2026-01-17,Saturday,16:30,Tech Support,15,15,14,0,426.7,10,93.3
2026-01-17,Saturday,17:00,Tech Support,24,23,22,1,443.3,9,91.7
2026-01-17,Saturday,17:30,Tech Support,32,30,24,2,463.3,9,75.0
2026-01-17,Saturday,18:00,Tech Support,20,20,20,0,457.2,11,100.0
2026-01-17,Saturday,18:30,Tech Support,35,35,34,0,441.4,12,97.1
2026-01-17,Saturday,19:00,Tech Support,24,24,23,0,430.2,9,95.8
2026-01-17,Saturday,19:30,Tech Support,20,20,20,0,492.3,12,100.0
2026-01-17,Saturday,20:00,Tech Support,24,24,24,0,496.4,10,100.0
2026-01-17,Saturday,20:30,Tech Support,23,23,23,0,450.7,11,100.0
2026-01-17,Saturday,21:00,Tech Support,19,19,19,0,411.0,10,100.0
2026-01-17,Saturday,21:30,Tech Support,28,27,25,1,477.7,9,89.3
2026-01-18,Sunday,08:00,Billing,32,32,32,0,301.0,14,100.0
2026-01-18,Sunday,08:30,Billing,29,29,28,0,295.2,11,96.6
2026-01-18,Sunday,09:00,Billing,35,35,35,0,337.7,13,100.0
2026-01-18,Sunday,09:30,Billing,46,46,46,0,340.9,13,100.0
2026-01-18,Sunday,10:00,Billing,33,32,30,1,321.1,13,90.9
2026-01-18,Sunday,10:30,Billing,35,35,35,0,290.7,15,100.0
2026-01-18,Sunday,11:00,Billing,40,39,37,1,293.8,14,92.5
2026-01-18,Sunday,11:30,Billing,31,31,30,0,365.4,14,96.8
2026-01-18,Sunday,12:00,Billing,33,33,33,0,361.3,14,100.0
2026-01-18,Sunday,12:30,Billing,33,33,33,0,300.7,15,100.0
2026-01-18,Sunday,13:00,Billing,24,24,23,0,390.3,13,95.8
2026-01-18,Sunday,13:30,Billing,27,27,27,0,318.8,12,100.0
2026-01-18,Sunday,14:00,Billing,25,25,24,0,276.0,11,96.0
2026-01-18,Sunday,14:30,Billing,36,36,36,0,287.1,11,100.0
2026-01-18,Sunday,15:00,Billing,27,27,26,0,335.7,15,96.3
2026-01-18,Sunday,15:30,Billing,27,27,26,0,333.2,12,96.3
2026-01-18,Sunday,16:00,Billing,36,35,34,1,324.8,12,94.4
2026-01-18,Sunday,16:30,Billing,31,31,31,0,344.0,11,100.0
2026-01-18,Sunday,17:00,Billing,31,31,31,0,316.4,14,100.0
2026-01-18,Sunday,17:30,Billing,36,35,34,1,338.6,15,94.4
2026-01-18,Sunday,18:00,Billing,30,30,29,0,344.5,12,96.7
2026-01-18,Sunday,18:30,Billing,37,37,36,0,322.3,13,97.3
2026-01-18,Sunday,19:00,Billing,32,32,31,0,301.1,9,96.9
2026-01-18,Sunday,19:30,Billing,36,36,35,0,368.8,14,97.2
2026-01-18,Sunday,20:00,Billing,37,36,33,1,329.3,11,89.2
2026-01-18,Sunday,20:30,Billing,37,36,34,1,409.7,12,91.9
2026-01-18,Sunday,21:00,Billing,27,27,27,0,268.2,12,100.0
2026-01-18,Sunday,21:30,Billing,24,24,23,0,349.8,12,95.8
2026-01-18,Sunday,08:00,Tech Support,11,11,11,0,507.2,6,100.0
2026-01-18,Sunday,08:30,Tech Support,21,21,20,0,499.6,11,95.2
2026-01-18,Sunday,09:00,Tech Support,15,15,15,0,458.7,12,100.0
2026-01-18,Sunday,09:30,Tech Support,22,22,21,0,457.4,12,95.5
2026-01-18,Sunday,10:00,Tech Support,26,26,25,0,476.9,13,96.2
2026-01-18,Sunday,10:30,Tech Support,26,25,24,1,492.2,12,92.3
2026-01-18,Sunday,11:00,Tech Support,30,30,30,0,490.7,12,100.0
2026-01-18,Sunday,11:30,Tech Support,27,27,26,0,529.7,10,96.3
2026-01-18,Sunday,12:00,Tech Support,26,26,26,0,419.3,11,100.0
2026-01-18,Sunday,12:30,Tech Support,26,26,26,0,456.0,10,100.0
2026-01-18,Sunday,13:00,Tech Support,25,24,22,1,496.0,9,88.0
2026-01-18,Sunday,13:30,Tech Support,24,24,23,0,440.2,9,95.8
2026-01-18,Sunday,14:00,Tech Support,16,16,15,0,501.2,10,93.8
2026-01-18,Sunday,14:30,Tech Support,21,20,18,1,494.3,10,85.7
2026-01-18,Sunday,15:00,Tech Support,14,14,14,0,482.8,8,100.0
2026-01-18,Sunday,15:30,Tech Support,12,12,12,0,454.5,13,100.0
2026-01-18,Sunday,16:00,Tech Support,10,10,10,0,444.9,12,100.0
2026-01-18,Sunday,16:30,Tech Support,17,17,16,0,408.6,11,94.1
2026-01-18,Sunday,17:00,Tech Support,19,19,18,0,554.2,13,94.7
2026-01-18,Sunday,17:30,Tech Support,14,14,14,0,519.3,10,100.0
2026-01-18,Sunday,18:00,Tech Support,21,21,21,0,475.3,11,100.0
2026-01-18,Sunday,18:30,Tech Support,26,26,26,0,536.8,12,100.0
2026-01-18,Sunday,19:00,Tech Support,10,10,10,0,494.7,11,100.0
2026-01-18,Sunday,19:30,Tech Support,12,12,12,0,446.4,13,100.0
2026-01-18,Sunday,20:00,Tech Support,9,9,9,0,487.9,10,100.0
2026-01-18,Sunday,20:30,Tech Support,11,11,10,0,440.8,9,90.9
2026-01-18,Sunday,21:00,Tech Support,21,21,21,0,497.5,9,100.0
2026-01-18,Sunday,21:30,Tech Support,18,18,17,0,496.9,7,94.4
2026-01-19,Monday,08:00,Billing,61,58,51,3,369.1,14,83.6
2026-01-19,Monday,08:30,Billing,76,63,37,13,360.4,11,48.7
2026-01-19,Monday,09:00,Billing,74,63,40,11,370.5,12,54.1
2026-01-19,Monday,09:30,Billing,85,72,45,13,394.5,14,52.9
2026-01-19,Monday,10:00,Billing,85,64,24,21,379.3,10,28.2
2026-01-19,Monday,10:30,Billing,91,73,37,18,389.2,13,40.7
2026-01-19,Monday,11:00,Billing,107,84,39,23,314.5,12,36.4
2026-01-19,Monday,11:30,Billing,86,76,53,10,345.8,14,61.6
2026-01-19,Monday,12:00,Billing,98,89,68,9,314.5,16,69.4
2026-01-19,Monday,12:30,Billing,98,87,63,11,330.0,14,64.3
2026-01-19,Monday,13:00,Billing,65,62,54,3,331.5,13,83.1
2026-01-19,Monday,13:30,Billing,70,66,57,4,311.0,11,81.4
2026-01-19,Monday,14:00,Billing,68,65,57,3,277.7,12,83.8
2026-01-19,Monday,14:30,Billing,76,73,66,3,268.0,14,86.8
2026-01-19,Monday,15:00,Billing,72,60,36,12,350.2,10,50.0
2026-01-19,Monday,15:30,Billing,60,54,40,6,321.3,9,66.7
2026-01-19,Monday,16:00,Billing,64,60,51,4,310.4,12,79.7
2026-01-19,Monday,16:30,Billing,74,68,54,6,289.8,12,73.0
2026-01-19,Monday,17:00,Billing,73,72,69,1,314.3,16,94.5
2026-01-19,Monday,17:30,Billing,68,61,46,7,309.1,10,67.6
2026-01-19,Monday,18:00,Billing,94,81,53,13,325.2,14,56.4
2026-01-19,Monday,18:30,Billing,83,69,41,14,392.0,14,49.4
2026-01-19,Monday,19:00,Billing,74,68,53,6,313.5,11,71.6
2026-01-19,Monday,19:30,Billing,65,63,57,2,305.8,13,87.7
2026-01-19,Monday,20:00,Billing,67,67,66,0,273.0,14,98.5
2026-01-19,Monday,20:30,Billing,61,57,47,4,297.7,10,77.0
2026-01-19,Monday,21:00,Billing,65,59,45,6,328.3,11,69.2
2026-01-19,Monday,21:30,Billing,54,50,41,4,374.5,11,75.9
2026-01-19,Monday,08:00,Tech Support,47,40,25,7,530.0,10,53.2
2026-01-19,Monday,08:30,Tech Support,37,37,36,0,449.7,12,97.3
2026-01-19,Monday,09:00,Tech Support,49,43,30,6,430.2,10,61.2
2026-01-19,Monday,09:30,Tech Support,49,44,33,5,431.3,11,67.3
2026-01-19,Monday,10:00,Tech Support,53,48,36,5,498.5,12,67.9
2026-01-19,Monday,10:30,Tech Support,39,35,26,4,508.6,10,66.7
2026-01-19,Monday,11:00,Tech Support,52,45,31,7,483.5,11,59.6
2026-01-19,Monday,11:30,Tech Support,50,43,28,7,471.4,10,56.0
2026-01-19,Monday,12:00,Tech Support,47,44,37,3,459.8,12,78.7
2026-01-19,Monday,12:30,Tech Support,54,50,41,4,458.4,13,75.9
2026-01-19,Monday,13:00,Tech Support,53,41,18,12,564.9,10,34.0
2026-01-19,Monday,13:30,Tech Support,47,39,22,8,511.0,9,46.8
2026-01-19,Monday,14:00,Tech Support,44,39,28,5,495.1,10,63.6
2026-01-19,Monday,14:30,Tech Support,32,32,31,0,443.2,11,96.9
2026-01-19,Monday,15:00,Tech Support,30,28,22,2,491.3,8,73.3
2026-01-19,Monday,15:30,Tech Support,41,34,19,7,518.0,8,46.3
2026-01-19,Monday,16:00,Tech Support,35,34,32,1,447.9,11,91.4
2026-01-19,Monday,16:30,Tech Support,33,33,33,0,453.8,11,100.0
2026-01-19,Monday,17:00,Tech Support,57,41,12,16,469.9,8,21.1
2026-01-19,Monday,17:30,Tech Support,39,38,35,1,482.6,13,89.7
2026-01-19,Monday,18:00,Tech Support,42,41,40,1,455.4,13,95.2
2026-01-19,Monday,18:30,Tech Support,39,38,36,1,427.5,11,92.3
2026-01-19,Monday,19:00,Tech Support,27,27,27,0,441.3,12,100.0
2026-01-19,Monday,19:30,Tech Support,37,36,33,1,446.2,11,89.2
2026-01-19,Monday,20:00,Tech Support,30,29,26,1,523.5,10,86.7
2026-01-19,Monday,20:30,Tech Support,39,37,33,2,455.9,10,84.6
2026-01-19,Monday,21:00,Tech Support,26,25,24,1,496.2,11,92.3
2026-01-19,Monday,21:30,Tech Support,44,37,23,7,502.5,9,52.3
2026-01-20,Tuesday,08:00,Billing,53,44,26,9,334.1,7,49.1
2026-01-20,Tuesday,08:30,Billing,77,73,64,4,326.4,15,83.1
2026-01-20,Tuesday,09:00,Billing,65,57,39,8,342.7,11,60.0
2026-01-20,Tuesday,09:30,Billing,79,75,66,4,317.6,15,83.5
2026-01-20,Tuesday,10:00,Billing,79,75,65,4,346.4,15,82.3
2026-01-20,Tuesday,10:30,Billing,80,78,73,2,323.7,16,91.2
2026-01-20,Tuesday,11:00,Billing,85,78,61,7,356.5,16,71.8
2026-01-20,Tuesday,11:30,Billing,87,77,55,10,396.2,16,63.2
2026-01-20,Tuesday,12:00,Billing,69,65,56,4,326.0,14,81.2
2026-01-20,Tuesday,12:30,Billing,57,57,57,0,314.9,13,100.0
2026-01-20,Tuesday,13:00,Billing,64,61,55,3,310.7,15,85.9
2026-01-20,Tuesday,13:30,Billing,74,63,40,11,350.7,11,54.1
2026-01-20,Tuesday,14:00,Billing,61,55,41,6,394.4,12,67.2
2026-01-20,Tuesday,14:30,Billing,42,41,38,1,293.8,9,90.5
2026-01-20,Tuesday,15:00,Billing,45,42,35,3,341.0,10,77.8
2026-01-20,Tuesday,15:30,Billing,70,67,60,3,308.8,14,85.7
2026-01-20,Tuesday,16:00,Billing,73,64,45,9,328.5,11,61.6
2026-01-20,Tuesday,16:30,Billing,60,57,50,3,321.7,11,83.3
2026-01-20,Tuesday,17:00,Billing,71,65,52,6,335.1,13,73.2
2026-01-20,Tuesday,17:30,Billing,68,65,58,3,317.4,14,85.3
2026-01-20,Tuesday,18:00,Billing,81,78,71,3,240.4,12,87.7
2026-01-20,Tuesday,18:30,Billing,89,72,37,17,358.0,12,41.6
2026-01-20,Tuesday,19:00,Billing,75,68,52,7,308.2,12,69.3
2026-01-20,Tuesday,19:30,Billing,61,60,57,1,277.5,12,93.4
2026-01-20,Tuesday,20:00,Billing,57,53,45,4,339.3,11,78.9
2026-01-20,Tuesday,20:30,Billing,71,66,55,5,326.7,13,77.5
2026-01-20,Tuesday,21:00,Billing,56,56,56,0,266.6,12,100.0
2026-01-20,Tuesday,21:30,Billing,59,55,45,4,317.8,10,76.3
2026-01-20,Tuesday,08:00,Tech Support,35,35,35,0,459.6,13,100.0
2026-01-20,Tuesday,08:30,Tech Support,42,30,8,12,485.4,6,19.0
2026-01-20,Tuesday,09:00,Tech Support,47,43,34,4,488.6,12,72.3
2026-01-20,Tuesday,09:30,Tech Support,38,36,32,2,468.6,11,84.2
2026-01-20,Tuesday,10:00,Tech Support,40,38,34,2,466.4,12,85.0
2026-01-20,Tuesday,10:30,Tech Support,65,54,30,11,478.3,12,46.2
2026-01-20,Tuesday,11:00,Tech Support,51,48,40,3,473.4,13,78.4
2026-01-20,Tuesday,11:30,Tech Support,40,40,40,0,418.8,14,100.0
2026-01-20,Tuesday,12:00,Tech Support,45,40,28,5,542.5,11,62.2
2026-01-20,Tuesday,12:30,Tech Support,43,42,41,1,460.9,12,95.3
2026-01-20,Tuesday,13:00,Tech Support,31,30,27,1,522.2,11,87.1
2026-01-20,Tuesday,13:30,Tech Support,43,37,24,6,536.0,11,55.8
2026-01-20,Tuesday,14:00,Tech Support,30,29,28,1,471.7,11,93.3
2026-01-20,Tuesday,14:30,Tech Support,28,28,27,0,481.1,9,96.4
2026-01-20,Tuesday,15:00,Tech Support,29,27,22,2,482.4,8,75.9
2026-01-20,Tuesday,15:30,Tech Support,41,31,11,10,500.3,7,26.8
2026-01-20,Tuesday,16:00,Tech Support,34,31,24,3,519.9,9,70.6
2026-01-20,Tuesday,16:30,Tech Support,41,38,30,3,464.3,10,73.2
2026-01-20,Tuesday,17:00,Tech Support,34,31,25,3,514.1,10,73.5
2026-01-20,Tuesday,17:30,Tech Support,40,38,33,2,460.1,11,82.5
2026-01-20,Tuesday,18:00,Tech Support,47,41,28,6,478.6,11,59.6
2026-01-20,Tuesday,18:30,Tech Support,45,37,22,8,500.3,9,48.9
2026-01-20,Tuesday,19:00,Tech Support,39,36,30,3,457.2,10,76.9
2026-01-20,Tuesday,19:30,Tech Support,40,33,19,7,434.0,7,47.5
2026-01-20,Tuesday,20:00,Tech Support,29,26,20,3,454.3,7,69.0
2026-01-20,Tuesday,20:30,Tech Support,37,32,20,5,486.6,8,54.1
2026-01-20,Tuesday,21:00,Tech Support,27,27,27,0,510.4,11,100.0
2026-01-20,Tuesday,21:30,Tech Support,34,33,32,1,468.8,10,94.1
2026-01-21,Wednesday,08:00,Billing,54,48,36,6,372.4,10,66.7
2026-01-21,Wednesday,08:30,Billing,49,48,46,1,353.3,13,93.9
2026-01-21,Wednesday,09:00,Billing,63,63,62,0,318.4,16,98.4
2026-01-21,Wednesday,09:30,Billing,76,70,56,6,282.7,12,73.7
2026-01-21,Wednesday,10:00,Billing,63,61,55,2,350.2,15,87.3
2026-01-21,Wednesday,10:30,Billing,81,76,65,5,308.0,14,80.2
2026-01-21,Wednesday,11:00,Billing,87,75,50,12,385.7,14,57.5
2026-01-21,Wednesday,11:30,Billing,78,72,59,6,291.4,13,75.6
2026-01-21,Wednesday,12:00,Billing,72,66,51,6,373.9,14,70.8
2026-01-21,Wednesday,12:30,Billing,75,72,65,3,330.9,14,86.7
2026-01-21,Wednesday,13:00,Billing,59,58,55,1,296.3,12,93.2
2026-01-21,Wednesday,13:30,Billing,65,60,47,5,342.5,11,72.3
2026-01-21,Wednesday,14:00,Billing,63,60,53,3,328.2,12,84.1
2026-01-21,Wednesday,14:30,Billing,42,41,38,1,336.5,10,90.5
2026-01-21,Wednesday,15:00,Billing,44,44,44,0,341.3,14,100.0
2026-01-21,Wednesday,15:30,Billing,50,48,44,2,390.6,13,88.0
2026-01-21,Wednesday,16:00,Billing,54,53,50,1,271.5,13,92.6
2026-01-21,Wednesday,16:30,Billing,48,47,45,1,320.7,11,93.8
2026-01-21,Wednesday,17:00,Billing,63,61,55,2,342.4,13,87.3
2026-01-21,Wednesday,17:30,Billing,59,55,45,4,327.3,10,76.3
2026-01-21,Wednesday,18:00,Billing,64,63,60,1,255.6,14,93.8
2026-01-21,Wednesday,18:30,Billing,65,60,48,5,338.9,12,73.8
2026-01-21,Wednesday,19:00,Billing,67,64,57,3,291.2,12,85.1
2026-01-21,Wednesday,19:30,Billing,62,49,23,13,364.6,8,37.1
2026-01-21,Wednesday,20:00,Billing,57,55,51,2,349.7,14,89.5
2026-01-21,Wednesday,20:30,Billing,47,46,43,1,270.1,15,91.5
2026-01-21,Wednesday,21:00,Billing,42,42,42,0,339.6,11,100.0
2026-01-21,Wednesday,21:30,Billing,52,51,49,1,310.3,11,94.2
2026-01-21,Wednesday,08:00,Tech Support,32,30,26,2,507.3,10,81.2
2026-01-21,Wednesday,08:30,Tech Support,29,29,29,0,455.6,11,100.0
2026-01-21,Wednesday,09:00,Tech Support,34,32,28,2,494.9,10,82.4
2026-01-21,Wednesday,09:30,Tech Support,32,32,32,0,430.6,14,100.0
2026-01-21,Wednesday,10:00,Tech Support,26,26,26,0,462.1,10,100.0
2026-01-21,Wednesday,10:30,Tech Support,41,38,32,3,466.0,11,78.0
2026-01-21,Wednesday,11:00,Tech Support,46,43,37,3,474.0,14,80.4
2026-01-21,Wednesday,11:30,Tech Support,44,41,34,3,523.8,12,77.3
2026-01-21,Wednesday,12:00,Tech Support,44,38,25,6,453.0,9,56.8
2026-01-21,Wednesday,12:30,Tech Support,30,28,23,2,493.2,9,76.7
2026-01-21,Wednesday,13:00,Tech Support,40,36,28,4,444.7,9,70.0
2026-01-21,Wednesday,13:30,Tech Support,39,37,33,2,485.2,12,84.6
2026-01-21,Wednesday,14:00,Tech Support,31,30,27,1,482.6,10,87.1
2026-01-21,Wednesday,14:30,Tech Support,38,34,25,4,511.2,9,65.8
2026-01-21,Wednesday,15:00,Tech Support,32,30,25,2,547.0,9,78.1
2026-01-21,Wednesday,15:30,Tech Support,34,33,30,1,482.4,11,88.2
2026-01-21,Wednesday,16:00,Tech Support,30,30,29,0,483.5,10,96.7
2026-01-21,Wednesday,16:30,Tech Support,22,22,22,0,454.3,8,100.0
2026-01-21,Wednesday,17:00,Tech Support,45,42,36,3,433.1,11,80.0
2026-01-21,Wednesday,17:30,Tech Support,33,30,23,3,560.9,10,69.7
2026-01-21,Wednesday,18:00,Tech Support,28,28,27,0,516.5,11,96.4
2026-01-21,Wednesday,18:30,Tech Support,31,31,31,0,466.7,11,100.0
2026-01-21,Wednesday,19:00,Tech Support,33,33,33,0,480.4,12,100.0
2026-01-21,Wednesday,19:30,Tech Support,32,31,28,1,473.0,9,87.5
2026-01-21,Wednesday,20:00,Tech Support,27,27,26,0,468.5,10,96.3
2026-01-21,Wednesday,20:30,Tech Support,22,22,22,0,528.1,10,100.0
2026-01-21,Wednesday,21:00,Tech Support,36,34,28,2,461.1,9,77.8
2026-01-21,Wednesday,21:30,Tech Support,31,29,24,2,496.4,10,77.4
2026-01-22,Thursday,08:00,Billing,36,36,36,0,271.1,12,100.0
2026-01-22,Thursday,08:30,Billing,53,51,45,2,377.4,13,84.9
2026-01-22,Thursday,09:00,Billing,57,53,44,4,386.6,13,77.2
2026-01-22,Thursday,09:30,Billing,61,61,61,0,291.5,15,100.0
2026-01-22,Thursday,10:00,Billing,77,73,64,4,314.9,13,83.1
2026-01-22,Thursday,10:30,Billing,71,61,40,10,378.8,12,56.3
2026-01-22,Thursday,11:00,Billing,75,73,69,2,327.9,19,92.0
2026-01-22,Thursday,11:30,Billing,71,68,60,3,329.9,15,84.5
2026-01-22,Thursday,12:00,Billing,70,68,64,2,341.5,15,91.4
2026-01-22,Thursday,12:30,Billing,53,52,51,1,289.0,12,96.2
2026-01-22,Thursday,13:00,Billing,51,49,45,2,297.2,11,88.2
2026-01-22,Thursday,13:30,Billing,62,59,52,3,295.0,12,83.9
2026-01-22,Thursday,14:00,Billing,59,56,50,3,310.8,11,84.7
2026-01-22,Thursday,14:30,Billing,47,47,47,0,371.9,13,100.0
2026-01-22,Thursday,15:00,Billing,37,37,37,0,377.4,12,100.0
2026-01-22,Thursday,15:30,Billing,63,59,51,4,320.4,12,81.0
2026-01-22,Thursday,16:00,Billing,67,66,63,1,311.0,15,94.0
2026-01-22,Thursday,16:30,Billing,60,55,44,5,341.8,11,73.3
2026-01-22,Thursday,17:00,Billing,78,72,57,6,357.6,14,73.1
2026-01-22,Thursday,17:30,Billing,66,66,66,0,326.6,15,100.0
2026-01-22,Thursday,18:00,Billing,73,70,63,3,286.1,14,86.3
2026-01-22,Thursday,18:30,Billing,56,56,55,0,348.3,14,98.2
2026-01-22,Thursday,19:00,Billing,74,61,34,13,326.3,10,45.9
2026-01-22,Thursday,19:30,Billing,55,54,51,1,360.5,14,92.7
2026-01-22,Thursday,20:00,Billing,46,46,46,0,313.5,11,100.0
2026-01-22,Thursday,20:30,Billing,48,48,47,0,295.2,13,97.9
2026-01-22,Thursday,21:00,Billing,56,56,56,0,303.2,13,100.0
2026-01-22,Thursday,21:30,Billing,41,40,38,1,333.6,14,92.7
2026-01-22,Thursday,08:00,Tech Support,32,30,25,2,543.1,10,78.1
2026-01-22,Thursday,08:30,Tech Support,36,34,29,2,445.6,9,80.6
2026-01-22,Thursday,09:00,Tech Support,28,28,28,0,517.5,12,100.0
2026-01-22,Thursday,09:30,Tech Support,54,41,16,13,504.3,9,29.6
2026-01-22,Thursday,10:00,Tech Support,41,40,37,1,537.0,15,90.2
2026-01-22,Thursday,10:30,Tech Support,58,51,36,7,493.6,13,62.1
2026-01-22,Thursday,11:00,Tech Support,33,33,33,0,442.9,14,100.0
2026-01-22,Thursday,11:30,Tech Support,51,41,21,10,484.2,9,41.2
2026-01-22,Thursday,12:00,Tech Support,36,35,32,1,479.0,11,88.9
2026-01-22,Thursday,12:30,Tech Support,18,18,18,0,510.4,8,100.0
2026-01-22,Thursday,13:00,Tech Support,28,27,25,1,547.3,10,89.3
2026-01-22,Thursday,13:30,Tech Support,28,28,27,0,543.5,10,96.4
2026-01-22,Thursday,14:00,Tech Support,27,27,26,0,477.7,9,96.3
2026-01-22,Thursday,14:30,Tech Support,22,22,22,0,468.9,10,100.0
2026-01-22,Thursday,15:00,Tech Support,31,31,31,0,456.6,10,100.0
2026-01-22,Thursday,15:30,Tech Support,24,23,22,1,470.6,12,91.7
2026-01-22,Thursday,16:00,Tech Support,27,27,27,0,451.0,11,100.0
2026-01-22,Thursday,16:30,Tech Support,29,28,26,1,500.5,12,89.7
2026-01-22,Thursday,17:00,Tech Support,42,36,23,6,505.6,9,54.8
2026-01-22,Thursday,17:30,Tech Support,33,32,30,1,424.5,11,90.9
2026-01-22,Thursday,18:00,Tech Support,38,35,28,3,525.1,10,73.7
2026-01-22,Thursday,18:30,Tech Support,40,36,27,4,470.9,9,67.5
2026-01-22,Thursday,19:00,Tech Support,29,29,28,0,478.6,12,96.6
2026-01-22,Thursday,19:30,Tech Support,36,35,33,1,515.2,14,91.7
2026-01-22,Thursday,20:00,Tech Support,27,27,26,0,456.4,9,96.3
2026-01-22,Thursday,20:30,Tech Support,23,23,23,0,479.8,8,100.0
2026-01-22,Thursday,21:00,Tech Support,32,32,32,0,478.8,12,100.0
2026-01-22,Thursday,21:30,Tech Support,26,24,20,2,541.5,8,76.9
2026-01-23,Friday,08:00,Billing,45,45,45,0,374.6,13,100.0
2026-01-23,Friday,08:30,Billing,55,54,51,1,292.8,12,92.7
2026-01-23,Friday,09:00,Billing,55,53,49,2,381.7,13,89.1
2026-01-23,Friday,09:30,Billing,64,59,47,5,339.4,12,73.4
2026-01-23,Friday,10:00,Billing,74,72,67,2,295.5,15,90.5
2026-01-23,Friday,10:30,Billing,76,74,68,2,358.3,16,89.5
2026-01-23,Friday,11:00,Billing,59,57,52,2,304.7,14,88.1
2026-01-23,Friday,11:30,Billing,79,76,69,3,309.0,15,87.3
2026-01-23,Friday,12:00,Billing,60,59,57,1,252.1,12,95.0
2026-01-23,Friday,12:30,Billing,57,55,49,2,312.0,11,86.0
2026-01-23,Friday,13:00,Billing,64,56,40,8,330.4,10,62.5
2026-01-23,Friday,13:30,Billing,51,51,51,0,332.6,14,100.0
2026-01-23,Friday,14:00,Billing,47,46,44,1,352.4,11,93.6
2026-01-23,Friday,14:30,Billing,39,39,38,0,345.9,12,97.4
2026-01-23,Friday,15:00,Billing,39,39,38,0,351.4,12,97.4
2026-01-23,Friday,15:30,Billing,52,48,38,4,298.7,8,73.1
2026-01-23,Friday,16:00,Billing,52,51,48,1,343.0,13,92.3
2026-01-23,Friday,16:30,Billing,59,56,50,3,390.0,14,84.7
2026-01-23,Friday,17:00,Billing,59,57,52,2,324.5,13,88.1
2026-01-23,Friday,17:30,Billing,61,59,53,2,309.7,11,86.9
2026-01-23,Friday,18:00,Billing,70,66,56,4,347.8,15,80.0
2026-01-23,Friday,18:30,Billing,66,59,43,7,360.3,12,65.2
2026-01-23,Friday,19:00,Billing,41,40,39,1,327.1,13,95.1
2026-01-23,Friday,19:30,Billing,58,57,55,1,343.6,13,94.8
2026-01-23,Friday,20:00,Billing,40,40,40,0,335.5,11,100.0
2026-01-23,Friday,20:30,Billing,58,55,47,3,362.7,12,81.0
2026-01-23,Friday,21:00,Billing,43,42,41,1,304.9,12,95.3
2026-01-23,Friday,21:30,Billing,63,58,47,5,352.1,12,74.6
2026-01-23,Friday,08:00,Tech Support,33,32,29,1,483.5,10,87.9
2026-01-23,Friday,08:30,Tech Support,20,20,20,0,456.1,13,100.0
2026-01-23,Friday,09:00,Tech Support,38,38,37,0,496.5,15,97.4
2026-01-23,Friday,09:30,Tech Support,37,37,37,0,463.0,13,100.0
2026-01-23,Friday,10:00,Tech Support,39,34,23,5,547.1,9,59.0
2026-01-23,Friday,10:30,Tech Support,48,40,24,8,479.7,9,50.0
2026-01-23,Friday,11:00,Tech Support,38,36,30,2,500.5,12,78.9
2026-01-23,Friday,11:30,Tech Support,51,48,40,3,424.2,12,78.4
2026-01-23,Friday,12:00,Tech Support,47,42,30,5,501.0,11,63.8
2026-01-23,Friday,12:30,Tech Support,28,28,28,0,480.3,12,100.0
2026-01-23,Friday,13:00,Tech Support,36,35,33,1,490.0,12,91.7
2026-01-23,Friday,13:30,Tech Support,32,32,31,0,457.4,11,96.9
2026-01-23,Friday,14:00,Tech Support,29,28,25,1,462.2,8,86.2
2026-01-23,Friday,14:30,Tech Support,33,33,32,0,461.4,13,97.0
2026-01-23,Friday,15:00,Tech Support,31,31,31,0,419.3,12,100.0
2026-01-23,Friday,15:30,Tech Support,22,22,21,0,543.4,9,95.5
2026-01-23,Friday,16:00,Tech Support,32,30,26,2,557.0,11,81.2
2026-01-23,Friday,16:30,Tech Support,31,30,26,1,501.0,10,83.9
2026-01-23,Friday,17:00,Tech Support,29,28,27,1,495.1,11,93.1
2026-01-23,Friday,17:30,Tech Support,30,29,27,1,493.4,15,90.0
2026-01-23,Friday,18:00,Tech Support,37,36,34,1,507.9,11,91.9
2026-01-23,Friday,18:30,Tech Support,39,33,20,6,520.2,9,51.3
2026-01-23,Friday,19:00,Tech Support,25,24,22,1,481.5,10,88.0
2026-01-23,Friday,19:30,Tech Support,25,25,25,0,417.6,12,100.0
2026-01-23,Friday,20:00,Tech Support,33,32,31,1,502.9,11,93.9
2026-01-23,Friday,20:30,Tech Support,42,39,31,3,454.2,10,73.8
2026-01-23,Friday,21:00,Tech Support,34,31,24,3,520.2,9,70.6
2026-01-23,Friday,21:30,Tech Support,34,26,10,8,491.3,5,29.4
2026-01-24,Saturday,08:00,Billing,37,37,36,0,397.5,11,97.3
2026-01-24,Saturday,08:30,Billing,45,45,45,0,326.3,12,100.0
2026-01-24,Saturday,09:00,Billing,38,38,38,0,368.9,16,100.0
2026-01-24,Saturday,09:30,Billing,41,41,40,0,375.9,12,97.6
2026-01-24,Saturday,10:00,Billing,60,60,60,0,311.9,14,100.0
2026-01-24,Saturday,10:30,Billing,50,50,50,0,304.5,17,100.0
2026-01-24,Saturday,11:00,Billing,65,60,50,5,369.4,13,76.9
2026-01-24,Saturday,11:30,Billing,48,48,48,0,337.2,13,100.0
2026-01-24,Saturday,12:00,Billing,54,53,51,1,354.5,16,94.4
2026-01-24,Saturday,12:30,Billing,53,51,47,2,324.8,12,88.7
2026-01-24,Saturday,13:00,Billing,40,40,40,0,350.0,14,100.0
2026-01-24,Saturday,13:30,Billing,24,24,24,0,320.6,13,100.0
2026-01-24,Saturday,14:00,Billing,40,39,36,1,335.1,12,90.0
2026-01-24,Saturday,14:30,Billing,32,32,31,0,418.5,11,96.9
2026-01-24,Saturday,15:00,Billing,38,38,37,0,337.1,10,97.4
2026-01-24,Saturday,15:30,Billing,31,31,30,0,280.1,11,96.8
2026-01-24,Saturday,16:00,Billing,37,37,37,0,380.4,13,100.0
2026-01-24,Saturday,16:30,Billing,37,37,37,0,328.7,14,100.0
2026-01-24,Saturday,17:00,Billing,32,32,32,0,300.5,12,100.0
2026-01-24,Saturday,17:30,Billing,42,42,42,0,376.0,15,100.0
2026-01-24,Saturday,18:00,Billing,44,43,41,1,313.6,14,93.2
2026-01-24,Saturday,18:30,Billing,44,44,44,0,376.4,14,100.0
2026-01-24,Saturday,19:00,Billing,47,46,43,1,336.2,13,91.5
2026-01-24,Saturday,19:30,Billing,27,27,27,0,307.4,14,100.0
2026-01-24,Saturday,20:00,Billing,30,30,30,0,361.4,12,100.0
2026-01-24,Saturday,20:30,Billing,35,35,34,0,321.2,14,97.1
2026-01-24,Saturday,21:00,Billing,45,44,42,1,388.6,12,93.3
2026-01-24,Saturday,21:30,Billing,33,33,32,0,390.1,11,97.0
2026-01-24,Saturday,08:00,Tech Support,20,20,20,0,527.8,12,100.0
2026-01-24,Saturday,08:30,Tech Support,10,10,10,0,498.5,11,100.0
2026-01-24,Saturday,09:00,Tech Support,27,27,27,0,469.7,10,100.0
2026-01-24,Saturday,09:30,Tech Support,34,33,31,1,435.9,10,91.2
2026-01-24,Saturday,10:00,Tech Support,39,38,35,1,486.0,13,89.7
2026-01-24,Saturday,10:30,Tech Support,32,31,29,1,424.6,11,90.6
2026-01-24,Saturday,11:00,Tech Support,26,25,23,1,501.4,10,88.5
2026-01-24,Saturday,11:30,Tech Support,37,34,28,3,522.9,10,75.7
2026-01-24,Saturday,12:00,Tech Support,19,19,19,0,592.3,8,100.0
2026-01-24,Saturday,12:30,Tech Support,25,25,25,0,494.9,11,100.0
2026-01-24,Saturday,13:00,Tech Support,25,25,24,0,429.3,13,96.0
2026-01-24,Saturday,13:30,Tech Support,16,16,16,0,522.7,9,100.0
2026-01-24,Saturday,14:00,Tech Support,20,20,20,0,473.0,10,100.0
2026-01-24,Saturday,14:30,Tech Support,19,19,19,0,430.9,9,100.0
2026-01-24,Saturday,15:00,Tech Support,17,17,16,0,504.7,6,94.1
2026-01-24,Saturday,15:30,Tech Support,23,22,20,1,486.3,9,87.0
2026-01-24,Saturday,16:00,Tech Support,33,31,25,2,469.0,9,75.8
2026-01-24,Saturday,16:30,Tech Support,17,17,17,0,487.1,8,100.0
2026-01-24,Saturday,17:00,Tech Support,29,25,16,4,501.2,6,55.2
2026-01-24,Saturday,17:30,Tech Support,29,28,26,1,473.4,12,89.7
2026-01-24,Saturday,18:00,Tech Support,25,25,24,0,481.6,10,96.0
2026-01-24,Saturday,18:30,Tech Support,27,27,26,0,517.3,11,96.3
2026-01-24,Saturday,19:00,Tech Support,26,25,23,1,434.4,12,88.5
2026-01-24,Saturday,19:30,Tech Support,22,21,19,1,457.5,12,86.4
2026-01-24,Saturday,20:00,Tech Support,25,25,24,0,530.4,11,96.0
2026-01-24,Saturday,20:30,Tech Support,21,21,21,0,499.0,9,100.0
2026-01-24,Saturday,21:00,Tech Support,23,23,23,0,432.9,8,100.0
2026-01-24,Saturday,21:30,Tech Support,14,14,14,0,461.3,11,100.0
2026-01-25,Sunday,08:00,Billing,34,34,33,0,288.1,15,97.1
2026-01-25,Sunday,08:30,Billing,30,29,28,1,352.6,11,93.3
2026-01-25,Sunday,09:00,Billing,31,31,31,0,311.8,11,100.0
2026-01-25,Sunday,09:30,Billing,41,41,41,0,347.5,16,100.0
2026-01-25,Sunday,10:00,Billing,40,39,37,1,289.6,13,92.5
2026-01-25,Sunday,10:30,Billing,36,35,32,1,340.2,15,88.9
2026-01-25,Sunday,11:00,Billing,43,42,39,1,401.8,12,90.7
2026-01-25,Sunday,11:30,Billing,42,41,38,1,291.5,13,90.5
2026-01-25,Sunday,12:00,Billing,38,38,37,0,393.4,13,97.4
2026-01-25,Sunday,12:30,Billing,30,30,30,0,311.8,14,100.0
2026-01-25,Sunday,13:00,Billing,44,43,42,1,364.9,13,95.5
2026-01-25,Sunday,13:30,Billing,25,25,25,0,391.0,13,100.0
2026-01-25,Sunday,14:00,Billing,31,31,30,0,375.7,11,96.8
2026-01-25,Sunday,14:30,Billing,21,21,21,0,305.5,12,100.0
2026-01-25,Sunday,15:00,Billing,14,14,14,0,399.9,13,100.0
2026-01-25,Sunday,15:30,Billing,32,32,31,0,347.2,14,96.9
2026-01-25,Sunday,16:00,Billing,25,25,25,0,361.2,10,100.0
2026-01-25,Sunday,16:30,Billing,28,28,28,0,380.7,15,100.0
2026-01-25,Sunday,17:00,Billing,38,37,34,1,312.0,12,89.5
2026-01-25,Sunday,17:30,Billing,29,28,27,1,319.5,12,93.1
2026-01-25,Sunday,18:00,Billing,26,25,23,1,391.7,16,88.5
2026-01-25,Sunday,18:30,Billing,28,28,27,0,364.6,13,96.4
2026-01-25,Sunday,19:00,Billing,33,33,33,0,386.5,13,100.0
2026-01-25,Sunday,19:30,Billing,26,25,23,1,402.9,14,88.5
2026-01-25,Sunday,20:00,Billing,24,24,23,0,389.9,12,95.8
2026-01-25,Sunday,20:30,Billing,28,28,28,0,292.0,12,100.0
2026-01-25,Sunday,21:00,Billing,25,25,25,0,365.3,9,100.0
2026-01-25,Sunday,21:30,Billing,34,34,34,0,321.9,11,100.0
2026-01-25,Sunday,08:00,Tech Support,20,20,19,0,498.6,10,95.0
2026-01-25,Sunday,08:30,Tech Support,21,21,21,0,499.4,9,100.0
2026-01-25,Sunday,09:00,Tech Support,19,19,19,0,485.1,10,100.0
2026-01-25,Sunday,09:30,Tech Support,27,27,26,0,452.9,13,96.3
2026-01-25,Sunday,10:00,Tech Support,26,26,25,0,506.6,11,96.2
2026-01-25,Sunday,10:30,Tech Support,21,21,20,0,455.7,14,95.2
2026-01-25,Sunday,11:00,Tech Support,29,29,28,0,480.8,12,96.6
2026-01-25,Sunday,11:30,Tech Support,18,18,18,0,510.3,12,100.0
2026-01-25,Sunday,12:00,Tech Support,27,26,25,1,474.0,10,92.6
2026-01-25,Sunday,12:30,Tech Support,16,16,16,0,478.8,11,100.0
2026-01-25,Sunday,13:00,Tech Support,15,15,15,0,543.5,11,100.0
2026-01-25,Sunday,13:30,Tech Support,17,17,17,0,460.0,11,100.0
2026-01-25,Sunday,14:00,Tech Support,13,13,13,0,441.0,9,100.0
2026-01-25,Sunday,14:30,Tech Support,18,18,17,0,457.3,10,94.4
2026-01-25,Sunday,15:00,Tech Support,15,15,15,0,477.2,10,100.0
2026-01-25,Sunday,15:30,Tech Support,18,18,18,0,475.8,11,100.0
2026-01-25,Sunday,16:00,Tech Support,18,18,18,0,499.7,14,100.0
2026-01-25,Sunday,16:30,Tech Support,14,14,13,0,435.2,12,92.9
2026-01-25,Sunday,17:00,Tech Support,23,23,23,0,460.9,13,100.0
2026-01-25,Sunday,17:30,Tech Support,22,22,22,0,414.5,9,100.0
2026-01-25,Sunday,18:00,Tech Support,24,24,23,0,535.0,10,95.8
2026-01-25,Sunday,18:30,Tech Support,21,20,19,1,553.4,8,90.5
2026-01-25,Sunday,19:00,Tech Support,20,20,20,0,482.7,12,100.0
2026-01-25,Sunday,19:30,Tech Support,16,16,16,0,461.4,9,100.0
2026-01-25,Sunday,20:00,Tech Support,14,14,14,0,489.8,14,100.0
2026-01-25,Sunday,20:30,Tech Support,18,18,18,0,488.4,12,100.0
2026-01-25,Sunday,21:00,Tech Support,15,15,15,0,423.3,7,100.0
2026-01-25,Sunday,21:30,Tech Support,14,14,13,0,481.1,9,92.9
2026-01-26,Monday,08:00,Billing,82,78,67,4,295.5,14,81.7
2026-01-26,Monday,08:30,Billing,59,57,52,2,330.3,13,88.1
2026-01-26,Monday,09:00,Billing,81,68,40,13,384.5,12,49.4
2026-01-26,Monday,09:30,Billing,81,79,75,2,300.6,15,92.6
2026-01-26,Monday,10:00,Billing,74,62,37,12,389.9,12,50.0
2026-01-26,Monday,10:30,Billing,95,77,40,18,404.2,14,42.1
2026-01-26,Monday,11:00,Billing,91,81,59,10,341.3,15,64.8
2026-01-26,Monday,11:30,Billing,103,85,49,18,402.6,17,47.6
2026-01-26,Monday,12:00,Billing,74,67,51,7,327.5,12,68.9
2026-01-26,Monday,12:30,Billing,95,84,60,11,321.1,15,63.2
2026-01-26,Monday,13:00,Billing,94,71,27,23,367.9,11,28.7
2026-01-26,Monday,13:30,Billing,72,63,44,9,359.3,12,61.1
2026-01-26,Monday,14:00,Billing,68,59,39,9,391.5,12,57.4
2026-01-26,Monday,14:30,Billing,66,65,62,1,325.0,15,93.9
2026-01-26,Monday,15:00,Billing,73,70,62,3,328.3,14,84.9
2026-01-26,Monday,15:30,Billing,61,56,44,5,320.8,10,72.1
2026-01-26,Monday,16:00,Billing,61,59,55,2,361.5,14,90.2
2026-01-26,Monday,16:30,Billing,63,61,56,2,335.9,14,88.9
2026-01-26,Monday,17:00,Billing,75,65,44,10,386.8,13,58.7
2026-01-26,Monday,17:30,Billing,89,75,45,14,341.0,12,50.6
2026-01-26,Monday,18:00,Billing,84,75,54,9,375.1,15,64.3
2026-01-26,Monday,18:30,Billing,81,79,74,2,335.1,17,91.4
2026-01-26,Monday,19:00,Billing,83,68,36,15,335.7,11,43.4
2026-01-26,Monday,19:30,Billing,66,64,58,2,256.3,11,87.9
2026-01-26,Monday,20:00,Billing,80,76,67,4,318.0,15,83.8
2026-01-26,Monday,20:30,Billing,64,58,45,6,329.0,11,70.3
2026-01-26,Monday,21:00,Billing,70,66,57,4,291.7,12,81.4
2026-01-26,Monday,21:30,Billing,71,65,51,6,360.4,12,71.8
2026-01-26,Monday,08:00,Tech Support,32,30,26,2,578.0,11,81.2
2026-01-26,Monday,08:30,Tech Support,39,35,26,4,483.8,9,66.7
2026-01-26,Monday,09:00,Tech Support,47,41,28,6,412.5,9,59.6
2026-01-26,Monday,09:30,Tech Support,45,43,38,2,487.7,13,84.4
2026-01-26,Monday,10:00,Tech Support,52,48,39,4,487.3,13,75.0
2026-01-26,Monday,10:30,Tech Support,51,48,41,3,397.9,12,80.4
2026-01-26,Monday,11:00,Tech Support,51,49,45,2,429.2,15,88.2
2026-01-26,Monday,11:30,Tech Support,56,46,26,10,468.9,10,46.4
2026-01-26,Monday,12:00,Tech Support,49,45,35,4,478.9,14,71.4
2026-01-26,Monday,12:30,Tech Support,56,49,33,7,442.0,11,58.9
2026-01-26,Monday,13:00,Tech Support,42,37,26,5,502.0,10,61.9
2026-01-26,Monday,13:30,Tech Support,36,35,34,1,419.1,11,94.4
2026-01-26,Monday,14:00,Tech Support,44,34,15,10,532.1,8,34.1
2026-01-26,Monday,14:30,Tech Support,28,25,19,3,497.1,7,67.9
2026-01-26,Monday,15:00,Tech Support,36,34,30,2,457.4,10,83.3
2026-01-26,Monday,15:30,Tech Support,32,29,23,3,522.5,9,71.9
2026-01-26,Monday,16:00,Tech Support,35,35,35,0,444.7,12,100.0
2026-01-26,Monday,16:30,Tech Support,39,36,29,3,487.8,11,74.4
2026-01-26,Monday,17:00,Tech Support,44,37,23,7,501.8,10,52.3
2026-01-26,Monday,17:30,Tech Support,50,47,41,3,482.2,14,82.0
2026-01-26,Monday,18:00,Tech Support,50,41,23,9,518.6,10,46.0
2026-01-26,Monday,18:30,Tech Support,54,45,25,9,564.4,12,46.3
2026-01-26,Monday,19:00,Tech Support,46,40,28,6,471.2,10,60.9
2026-01-26,Monday,19:30,Tech Support,34,31,24,3,464.1,8,70.6
2026-01-26,Monday,20:00,Tech Support,39,36,30,3,504.6,11,76.9
2026-01-26,Monday,20:30,Tech Support,33,32,29,1,459.2,10,87.9
2026-01-26,Monday,21:00,Tech Support,39,38,35,1,421.9,11,89.7
2026-01-26,Monday,21:30,Tech Support,48,43,33,5,494.8,12,68.8
2026-01-27,Tuesday,08:00,Billing,60,45,17,15,415.5,8,28.3
2026-01-27,Tuesday,08:30,Billing,52,50,46,2,326.1,11,88.5
2026-01-27,Tuesday,09:00,Billing,72,66,53,6,307.5,12,73.6
2026-01-27,Tuesday,09:30,Billing,78,69,48,9,320.6,11,61.5
2026-01-27,Tuesday,10:00,Billing,75,67,50,8,393.7,14,66.7
2026-01-27,Tuesday,10:30,Billing,69,65,56,4,312.6,13,81.2
2026-01-27,Tuesday,11:00,Billing,88,74,44,14,390.7,13,50.0
2026-01-27,Tuesday,11:30,Billing,77,73,64,4,312.8,14,83.1
2026-01-27,Tuesday,12:00,Billing,67,64,58,3,315.8,14,86.6
2026-01-27,Tuesday,12:30,Billing,71,71,71,0,263.1,13,100.0
2026-01-27,Tuesday,13:00,Billing,62,60,55,2,281.1,13,88.7
2026-01-27,Tuesday,13:30,Billing,75,59,28,16,394.1,10,37.3
2026-01-27,Tuesday,14:00,Billing,58,58,58,0,282.1,13,100.0
2026-01-27,Tuesday,14:30,Billing,62,56,42,6,309.2,10,67.7
2026-01-27,Tuesday,15:00,Billing,58,54,45,4,381.8,12,77.6
2026-01-27,Tuesday,15:30,Billing,51,50,47,1,329.5,11,92.2
2026-01-27,Tuesday,16:00,Billing,59,56,49,3,351.0,12,83.1
2026-01-27,Tuesday,16:30,Billing,56,53,46,3,360.9,12,82.1
2026-01-27,Tuesday,17:00,Billing,67,64,58,3,328.3,15,86.6
2026-01-27,Tuesday,17:30,Billing,70,64,51,6,331.0,13,72.9
2026-01-27,Tuesday,18:00,Billing,76,68,49,8,326.7,11,64.5
2026-01-27,Tuesday,18:30,Billing,58,57,55,1,289.6,15,94.8
2026-01-27,Tuesday,19:00,Billing,67,60,43,7,307.4,10,64.2
2026-01-27,Tuesday,19:30,Billing,64,58,45,6,342.4,11,70.3
2026-01-27,Tuesday,20:00,Billing,61,56,44,5,343.5,10,72.1
2026-01-27,Tuesday,20:30,Billing,73,68,57,5,325.7,13,78.1
2026-01-27,Tuesday,21:00,Billing,62,60,56,2,303.4,13,90.3
2026-01-27,Tuesday,21:30,Billing,61,55,42,6,331.7,10,68.9
2026-01-27,Tuesday,08:00,Tech Support,26,25,24,1,458.4,10,92.3
2026-01-27,Tuesday,08:30,Tech Support,42,39,31,3,489.6,12,73.8
2026-01-27,Tuesday,09:00,Tech Support,40,38,32,2,487.2,12,80.0
2026-01-27,Tuesday,09:30,Tech Support,28,28,28,0,492.2,11,100.0
2026-01-27,Tuesday,10:00,Tech Support,44,38,26,6,502.1,11,59.1
2026-01-27,Tuesday,10:30,Tech Support,49,47,43,2,469.4,15,87.8
2026-01-27,Tuesday,11:00,Tech Support,53,47,33,6,480.4,11,62.3
2026-01-27,Tuesday,11:30,Tech Support,40,37,31,3,479.6,10,77.5
2026-01-27,Tuesday,12:00,Tech Support,50,43,28,7,485.1,10,56.0
2026-01-27,Tuesday,12:30,Tech Support,40,37,30,3,473.0,11,75.0
2026-01-27,Tuesday,13:00,Tech Support,33,33,32,0,463.0,11,97.0
2026-01-27,Tuesday,13:30,Tech Support,43,38,26,5,507.8,10,60.5
2026-01-27,Tuesday,14:00,Tech Support,22,22,21,0,514.8,8,95.5
2026-01-27,Tuesday,14:30,Tech Support,31,30,27,1,476.8,9,87.1
2026-01-27,Tuesday,15:00,Tech Support,38,35,28,3,428.9,8,73.7
2026-01-27,Tuesday,15:30,Tech Support,39,37,32,2,444.1,10,82.1
2026-01-27,Tuesday,16:00,Tech Support,39,38,36,1,459.2,11,92.3
2026-01-27,Tuesday,16:30,Tech Support,37,35,29,2,471.7,10,78.4
2026-01-27,Tuesday,17:00,Tech Support,38,37,34,1,430.2,10,89.5
2026-01-27,Tuesday,17:30,Tech Support,35,34,32,1,432.8,11,91.4
2026-01-27,Tuesday,18:00,Tech Support,44,40,30,4,508.5,11,68.2
2026-01-27,Tuesday,18:30,Tech Support,42,38,30,4,454.6,10,71.4
2026-01-27,Tuesday,19:00,Tech Support,36,35,33,1,409.2,10,91.7
2026-01-27,Tuesday,19:30,Tech Support,44,41,34,3,528.4,12,77.3
2026-01-27,Tuesday,20:00,Tech Support,41,37,27,4,504.7,10,65.9
2026-01-27,Tuesday,20:30,Tech Support,31,30,27,1,454.8,10,87.1
2026-01-27,Tuesday,21:00,Tech Support,36,35,33,1,495.9,12,91.7
2026-01-27,Tuesday,21:30,Tech Support,23,23,23,0,563.9,11,100.0
2026-01-28,Wednesday,08:00,Billing,57,55,51,2,319.9,14,89.5
2026-01-28,Wednesday,08:30,Billing,57,51,37,6,398.9,10,64.9
2026-01-28,Wednesday,09:00,Billing,52,52,51,0,287.2,11,98.1
2026-01-28,Wednesday,09:30,Billing,64,63,60,1,311.5,14,93.8
2026-01-28,Wednesday,10:00,Billing,72,64,46,8,367.9,13,63.9
2026-01-28,Wednesday,10:30,Billing,72,70,65,2,303.4,16,90.3
2026-01-28,Wednesday,11:00,Billing,62,58,50,4,323.9,12,80.6
2026-01-28,Wednesday,11:30,Billing,81,74,58,7,335.3,13,71.6
2026-01-28,Wednesday,12:00,Billing,78,72,58,6,356.9,14,74.4
2026-01-28,Wednesday,12:30,Billing,69,66,59,3,320.8,14,85.5
2026-01-28,Wednesday,13:00,Billing,63,59,50,4,315.8,12,79.4
2026-01-28,Wednesday,13:30,Billing,63,54,36,9,368.4,10,57.1
2026-01-28,Wednesday,14:00,Billing,45,43,38,2,400.6,11,84.4
2026-01-28,Wednesday,14:30,Billing,54,53,52,1,339.6,13,96.3
2026-01-28,Wednesday,15:00,Billing,44,43,41,1,266.8,16,93.2
2026-01-28,Wednesday,15:30,Billing,48,46,42,2,367.1,11,87.5
2026-01-28,Wednesday,16:00,Billing,49,47,43,2,345.4,13,87.8
2026-01-28,Wednesday,16:30,Billing,67,64,56,3,337.8,14,83.6
2026-01-28,Wednesday,17:00,Billing,60,59,57,1,250.2,14,95.0
2026-01-28,Wednesday,17:30,Billing,62,60,55,2,373.0,15,88.7
2026-01-28,Wednesday,18:00,Billing,73,66,49,7,326.9,12,67.1
2026-01-28,Wednesday,18:30,Billing,59,56,49,3,293.4,10,83.1
2026-01-28,Wednesday,19:00,Billing,73,61,37,12,373.4,11,50.7
2026-01-28,Wednesday,19:30,Billing,54,49,38,5,373.4,10,70.4
2026-01-28,Wednesday,20:00,Billing,41,41,41,0,325.2,13,100.0
2026-01-28,Wednesday,20:30,Billing,58,58,58,0,295.6,13,100.0
2026-01-28,Wednesday,21:00,Billing,45,44,42,1,326.0,12,93.3
2026-01-28,Wednesday,21:30,Billing,54,51,44,3,351.3,12,81.5
2026-01-28,Wednesday,08:00,Tech Support,33,30,24,3,498.1,9,72.7
2026-01-28,Wednesday,08:30,Tech Support,22,22,21,0,480.7,11,95.5
2026-01-28,Wednesday,09:00,Tech Support,31,29,24,2,567.8,10,77.4
2026-01-28,Wednesday,09:30,Tech Support,38,38,37,0,448.1,13,97.4
2026-01-28,Wednesday,10:00,Tech Support,54,49,37,5,499.8,13,68.5
2026-01-28,Wednesday,10:30,Tech Support,40,38,34,2,522.3,12,85.0
2026-01-28,Wednesday,11:00,Tech Support,49,45,35,4,488.8,13,71.4
2026-01-28,Wednesday,11:30,Tech Support,46,44,39,2,480.7,13,84.8
2026-01-28,Wednesday,12:00,Tech Support,43,39,30,4,542.7,12,69.8
2026-01-28,Wednesday,12:30,Tech Support,22,22,22,0,534.0,13,100.0
2026-01-28,Wednesday,13:00,Tech Support,33,32,29,1,482.6,10,87.9
2026-01-28,Wednesday,13:30,Tech Support,32,31,29,1,487.1,11,90.6
2026-01-28,Wednesday,14:00,Tech Support,22,22,21,0,460.0,9,95.5
2026-01-28,Wednesday,14:30,Tech Support,26,26,25,0,455.5,12,96.2
2026-01-28,Wednesday,15:00,Tech Support,23,23,23,0,509.2,11,100.0
2026-01-28,Wednesday,15:30,Tech Support,28,28,28,0,461.6,9,100.0
2026-01-28,Wednesday,16:00,Tech Support,36,33,27,3,481.4,10,75.0
2026-01-28,Wednesday,16:30,Tech Support,29,27,23,2,446.7,8,79.3
2026-01-28,Wednesday,17:00,Tech Support,44,42,37,2,449.4,12,84.1
2026-01-28,Wednesday,17:30,Tech Support,33,32,30,1,452.5,11,90.9
2026-01-28,Wednesday,18:00,Tech Support,39,37,32,2,512.1,11,82.1
2026-01-28,Wednesday,18:30,Tech Support,27,27,27,0,493.3,13,100.0
2026-01-28,Wednesday,19:00,Tech Support,43,40,34,3,469.9,12,79.1
2026-01-28,Wednesday,19:30,Tech Support,29,28,26,1,440.7,11,89.7
2026-01-28,Wednesday,20:00,Tech Support,25,25,24,0,462.5,9,96.0
2026-01-28,Wednesday,20:30,Tech Support,33,32,28,1,483.6,9,84.8
2026-01-28,Wednesday,21:00,Tech Support,27,27,27,0,443.6,10,100.0
2026-01-28,Wednesday,21:30,Tech Support,32,30,26,2,499.4,10,81.2
2026-01-29,Thursday,08:00,Billing,50,50,50,0,351.6,15,100.0
2026-01-29,Thursday,08:30,Billing,54,53,50,1,278.9,13,92.6
2026-01-29,Thursday,09:00,Billing,68,64,55,4,321.1,12,80.9
2026-01-29,Thursday,09:30,Billing,85,80,69,5,275.3,14,81.2
2026-01-29,Thursday,10:00,Billing,75,71,61,4,366.8,17,81.3
2026-01-29,Thursday,10:30,Billing,74,72,67,2,300.0,15,90.5
2026-01-29,Thursday,11:00,Billing,93,83,60,10,332.5,15,64.5
2026-01-29,Thursday,11:30,Billing,85,77,60,8,328.4,14,70.6
2026-01-29,Thursday,12:00,Billing,79,74,61,5,320.2,13,77.2
2026-01-29,Thursday,12:30,Billing,66,62,54,4,313.1,13,81.8
2026-01-29,Thursday,13:00,Billing,52,47,37,5,320.3,9,71.2
2026-01-29,Thursday,13:30,Billing,64,61,53,3,376.2,14,82.8
2026-01-29,Thursday,14:00,Billing,38,38,38,0,370.1,12,100.0
2026-01-29,Thursday,14:30,Billing,55,55,55,0,324.5,14,100.0
2026-01-29,Thursday,15:00,Billing,50,49,47,1,293.8,10,94.0
2026-01-29,Thursday,15:30,Billing,57,51,37,6,349.5,9,64.9
2026-01-29,Thursday,16:00,Billing,51,51,50,0,351.7,14,98.0
2026-01-29,Thursday,16:30,Billing,64,58,45,6,337.0,11,70.3
2026-01-29,Thursday,17:00,Billing,61,59,55,2,315.8,12,90.2
2026-01-29,Thursday,17:30,Billing,67,63,53,4,377.2,14,79.1
2026-01-29,Thursday,18:00,Billing,59,58,55,1,299.3,13,93.2
2026-01-29,Thursday,18:30,Billing,58,57,56,1,282.9,13,96.6
2026-01-29,Thursday,19:00,Billing,46,45,44,1,326.8,11,95.7
2026-01-29,Thursday,19:30,Billing,32,32,32,0,283.0,12,100.0
2026-01-29,Thursday,20:00,Billing,60,58,54,2,330.6,12,90.0
2026-01-29,Thursday,20:30,Billing,54,47,32,7,428.2,11,59.3
2026-01-29,Thursday,21:00,Billing,57,55,50,2,338.4,13,87.7
2026-01-29,Thursday,21:30,Billing,48,47,46,1,268.7,10,95.8
2026-01-29,Thursday,08:00,Tech Support,32,31,30,1,435.8,10,93.8
2026-01-29,Thursday,08:30,Tech Support,29,27,23,2,487.2,8,79.3
2026-01-29,Thursday,09:00,Tech Support,34,32,28,2,516.7,10,82.4
2026-01-29,Thursday,09:30,Tech Support,43,37,25,6,445.7,8,58.1
2026-01-29,Thursday,10:00,Tech Support,34,32,28,2,521.1,11,82.4
2026-01-29,Thursday,10:30,Tech Support,45,44,41,1,487.4,14,91.1
2026-01-29,Thursday,11:00,Tech Support,61,54,39,7,425.7,12,63.9
2026-01-29,Thursday,11:30,Tech Support,41,40,37,1,457.5,12,90.2
2026-01-29,Thursday,12:00,Tech Support,40,39,37,1,452.0,12,92.5
2026-01-29,Thursday,12:30,Tech Support,23,23,23,0,485.2,12,100.0
2026-01-29,Thursday,13:00,Tech Support,28,28,28,0,457.9,13,100.0
2026-01-29,Thursday,13:30,Tech Support,43,40,33,3,396.9,9,76.7
2026-01-29,Thursday,14:00,Tech Support,33,33,32,0,374.4,9,97.0
2026-01-29,Thursday,14:30,Tech Support,28,27,25,1,472.6,10,89.3
2026-01-29,Thursday,15:00,Tech Support,29,27,23,2,487.7,9,79.3
2026-01-29,Thursday,15:30,Tech Support,33,32,30,1,460.6,10,90.9
2026-01-29,Thursday,16:00,Tech Support,26,26,25,0,452.0,9,96.2
2026-01-29,Thursday,16:30,Tech Support,25,25,25,0,490.5,11,100.0
2026-01-29,Thursday,17:00,Tech Support,37,35,30,2,474.0,11,81.1
2026-01-29,Thursday,17:30,Tech Support,34,33,31,1,495.1,12,91.2
2026-01-29,Thursday,18:00,Tech Support,32,32,32,0,494.7,12,100.0
2026-01-29,Thursday,18:30,Tech Support,42,42,41,0,427.6,13,97.6
2026-01-29,Thursday,19:00,Tech Support,33,31,26,2,491.4,9,78.8
2026-01-29,Thursday,19:30,Tech Support,34,32,28,2,465.9,10,82.4
2026-01-29,Thursday,20:00,Tech Support,26,26,26,0,472.1,11,100.0
2026-01-29,Thursday,20:30,Tech Support,21,21,21,0,484.7,11,100.0
2026-01-29,Thursday,21:00,Tech Support,38,33,23,5,533.6,9,60.5
2026-01-29,Thursday,21:30,Tech Support,25,25,24,0,451.7,9,96.0
2026-01-30,Friday,08:00,Billing,58,57,56,1,339.3,14,96.6
2026-01-30,Friday,08:30,Billing,49,49,48,0,310.5,13,98.0
2026-01-30,Friday,09:00,Billing,52,52,51,0,329.2,15,98.1
2026-01-30,Friday,09:30,Billing,45,45,45,0,369.1,13,100.0
2026-01-30,Friday,10:00,Billing,67,61,47,6,399.2,13,70.1
2026-01-30,Friday,10:30,Billing,80,72,54,8,328.4,13,67.5
2026-01-30,Friday,11:00,Billing,85,83,78,2,278.1,16,91.8
2026-01-30,Friday,11:30,Billing,64,63,60,1,324.1,13,93.8
2026-01-30,Friday,12:00,Billing,80,76,67,4,315.8,16,83.8
2026-01-30,Friday,12:30,Billing,59,57,53,2,376.4,15,89.8
2026-01-30,Friday,13:00,Billing,54,53,51,1,320.7,12,94.4
2026-01-30,Friday,13:30,Billing,57,52,40,5,340.8,10,70.2
2026-01-30,Friday,14:00,Billing,49,49,48,0,313.1,13,98.0
2026-01-30,Friday,14:30,Billing,55,54,51,1,317.6,13,92.7
2026-01-30,Friday,15:00,Billing,52,45,30,7,372.9,8,57.7
2026-01-30,Friday,15:30,Billing,44,44,43,0,224.9,9,97.7
2026-01-30,Friday,16:00,Billing,45,44,42,1,310.8,10,93.3
2026-01-30,Friday,16:30,Billing,54,53,51,1,302.4,14,94.4
2026-01-30,Friday,17:00,Billing,66,59,43,7,367.6,12,65.2
2026-01-30,Friday,17:30,Billing,52,52,52,0,337.3,15,100.0
2026-01-30,Friday,18:00,Billing,41,40,38,1,285.1,13,92.7
2026-01-30,Friday,18:30,Billing,62,61,58,1,320.0,14,93.5
2026-01-30,Friday,19:00,Billing,44,44,44,0,276.8,13,100.0
2026-01-30,Friday,19:30,Billing,48,48,48,0,290.2,13,100.0
2026-01-30,Friday,20:00,Billing,48,46,42,2,371.3,11,87.5
2026-01-30,Friday,20:30,Billing,49,49,48,0,245.3,11,98.0
2026-01-30,Friday,21:00,Billing,51,50,48,1,289.3,11,94.1
2026-01-30,Friday,21:30,Billing,44,42,38,2,381.7,11,86.4
2026-01-30,Friday,08:00,Tech Support,23,22,21,1,519.2,10,91.3
2026-01-30,Friday,08:30,Tech Support,29,29,28,0,468.8,13,96.6
2026-01-30,Friday,09:00,Tech Support,32,30,25,2,475.5,9,78.1
2026-01-30,Friday,09:30,Tech Support,44,39,29,5,517.7,11,65.9
2026-01-30,Friday,10:00,Tech Support,44,37,23,7,499.9,9,52.3
2026-01-30,Friday,10:30,Tech Support,45,41,33,4,509.9,13,73.3
2026-01-30,Friday,11:00,Tech Support,46,39,23,7,486.5,9,50.0
2026-01-30,Friday,11:30,Tech Support,55,49,35,6,498.4,13,63.6
2026-01-30,Friday,12:00,Tech Support,42,40,35,2,446.6,11,83.3
2026-01-30,Friday,12:30,Tech Support,34,31,25,3,499.4,9,73.5
2026-01-30,Friday,13:00,Tech Support,29,29,29,0,461.1,10,100.0
2026-01-30,Friday,13:30,Tech Support,31,28,22,3,569.3,9,71.0
2026-01-30,Friday,14:00,Tech Support,23,23,22,0,473.4,10,95.7
2026-01-30,Friday,14:30,Tech Support,36,33,26,3,468.3,9,72.2
2026-01-30,Friday,15:00,Tech Support,39,38,35,1,448.6,12,89.7
2026-01-30,Friday,15:30,Tech Support,17,17,16,0,474.9,8,94.1
2026-01-30,Friday,16:00,Tech Support,42,38,29,4,493.7,10,69.0
2026-01-30,Friday,16:30,Tech Support,36,35,32,1,445.9,11,88.9
2026-01-30,Friday,17:00,Tech Support,37,35,30,2,528.7,11,81.1
2026-01-30,Friday,17:30,Tech Support,40,39,36,1,442.8,11,90.0
2026-01-30,Friday,18:00,Tech Support,34,33,30,1,554.3,12,88.2
2026-01-30,Friday,18:30,Tech Support,50,48,42,2,434.1,13,84.0
2026-01-30,Friday,19:00,Tech Support,30,29,28,1,396.5,10,93.3
2026-01-30,Friday,19:30,Tech Support,22,21,20,1,500.2,11,90.9
2026-01-30,Friday,20:00,Tech Support,29,28,26,1,523.6,13,89.7
2026-01-30,Friday,20:30,Tech Support,29,28,27,1,486.0,10,93.1
2026-01-30,Friday,21:00,Tech Support,29,27,23,2,467.4,8,79.3
2026-01-30,Friday,21:30,Tech Support,30,29,28,1,510.6,10,93.3
2026-01-31,Saturday,08:00,Billing,30,30,30,0,310.3,12,100.0
2026-01-31,Saturday,08:30,Billing,37,36,35,1,301.6,13,94.6
2026-01-31,Saturday,09:00,Billing,42,40,36,2,383.2,11,85.7
2026-01-31,Saturday,09:30,Billing,40,40,39,0,281.6,14,97.5
2026-01-31,Saturday,10:00,Billing,43,43,43,0,304.3,12,100.0
2026-01-31,Saturday,10:30,Billing,41,41,41,0,304.0,16,100.0
2026-01-31,Saturday,11:00,Billing,47,46,45,1,241.2,16,95.7
2026-01-31,Saturday,11:30,Billing,48,47,45,1,291.6,14,93.8
2026-01-31,Saturday,12:00,Billing,56,53,45,3,369.0,13,80.4
2026-01-31,Saturday,12:30,Billing,44,43,40,1,330.5,12,90.9
2026-01-31,Saturday,13:00,Billing,39,38,36,1,304.5,14,92.3
2026-01-31,Saturday,13:30,Billing,34,34,33,0,356.1,12,97.1
2026-01-31,Saturday,14:00,Billing,33,33,33,0,331.5,11,100.0
2026-01-31,Saturday,14:30,Billing,37,37,36,0,329.2,12,97.3
2026-01-31,Saturday,15:00,Billing,26,26,25,0,341.7,13,96.2
2026-01-31,Saturday,15:30,Billing,44,42,36,2,379.9,10,81.8
2026-01-31,Saturday,16:00,Billing,38,38,38,0,385.7,12,100.0
2026-01-31,Saturday,16:30,Billing,33,33,33,0,390.5,11,100.0
2026-01-31,Saturday,17:00,Billing,43,42,40,1,337.5,13,93.0
2026-01-31,Saturday,17:30,Billing,45,45,44,0,327.5,13,97.8
2026-01-31,Saturday,18:00,Billing,57,53,44,4,341.1,11,77.2
2026-01-31,Saturday,18:30,Billing,47,47,46,0,283.8,14,97.9
2026-01-31,Saturday,19:00,Billing,42,41,40,1,321.7,14,95.2
2026-01-31,Saturday,19:30,Billing,35,35,35,0,323.5,10,100.0
2026-01-31,Saturday,20:00,Billing,34,34,34,0,287.1,11,100.0
2026-01-31,Saturday,20:30,Billing,39,39,39,0,384.6,11,100.0
2026-01-31,Saturday,21:00,Billing,36,36,36,0,312.7,10,100.0
2026-01-31,Saturday,21:30,Billing,32,32,32,0,337.5,12,100.0
2026-01-31,Saturday,08:00,Tech Support,24,23,22,1,423.0,10,91.7
2026-01-31,Saturday,08:30,Tech Support,30,30,30,0,463.4,11,100.0
2026-01-31,Saturday,09:00,Tech Support,23,21,16,2,492.8,6,69.6
2026-01-31,Saturday,09:30,Tech Support,38,37,35,1,493.1,13,92.1
2026-01-31,Saturday,10:00,Tech Support,18,18,18,0,484.1,11,100.0
2026-01-31,Saturday,10:30,Tech Support,35,35,34,0,465.7,11,97.1
2026-01-31,Saturday,11:00,Tech Support,23,23,22,0,457.8,13,95.7
2026-01-31,Saturday,11:30,Tech Support,42,39,32,3,537.1,13,76.2
2026-01-31,Saturday,12:00,Tech Support,33,33,33,0,529.5,13,100.0
2026-01-31,Saturday,12:30,Tech Support,36,32,23,4,522.8,9,63.9
2026-01-31,Saturday,13:00,Tech Support,25,25,24,0,501.5,11,96.0
2026-01-31,Saturday,13:30,Tech Support,20,20,20,0,516.2,11,100.0
2026-01-31,Saturday,14:00,Tech Support,20,20,20,0,461.3,10,100.0
2026-01-31,Saturday,14:30,Tech Support,24,24,23,0,437.7,12,95.8
2026-01-31,Saturday,15:00,Tech Support,14,14,13,0,515.9,6,92.9
2026-01-31,Saturday,15:30,Tech Support,28,28,27,0,461.9,9,96.4
2026-01-31,Saturday,16:00,Tech Support,22,22,22,0,441.1,8,100.0
2026-01-31,Saturday,16:30,Tech Support,29,29,29,0,523.8,12,100.0
2026-01-31,Saturday,17:00,Tech Support,24,24,23,0,472.6,9,95.8
2026-01-31,Saturday,17:30,Tech Support,21,21,21,0,443.3,12,100.0
2026-01-31,Saturday,18:00,Tech Support,30,30,30,0,517.1,12,100.0
2026-01-31,Saturday,18:30,Tech Support,31,31,31,0,478.6,11,100.0
2026-01-31,Saturday,19:00,Tech Support,31,30,27,1,518.4,11,87.1
2026-01-31,Saturday,19:30,Tech Support,25,25,24,0,481.2,10,96.0
2026-01-31,Saturday,20:00,Tech Support,21,21,21,0,504.7,13,100.0
2026-01-31,Saturday,20:30,Tech Support,25,25,24,0,432.3,9,96.0
2026-01-31,Saturday,21:00,Tech Support,16,16,15,0,476.4,11,93.8
2026-01-31,Saturday,21:30,Tech Support,25,25,25,0,473.2,13,100.0
2026-02-01,Sunday,08:00,Billing,21,21,20,0,349.1,12,95.2
2026-02-01,Sunday,08:30,Billing,32,32,32,0,353.1,12,100.0
2026-02-01,Sunday,09:00,Billing,32,32,31,0,310.4,14,96.9
2026-02-01,Sunday,09:30,Billing,42,42,42,0,342.9,11,100.0
2026-02-01,Sunday,10:00,Billing,33,33,33,0,332.7,13,100.0
2026-02-01,Sunday,10:30,Billing,42,41,39,1,350.7,13,92.9
2026-02-01,Sunday,11:00,Billing,40,39,37,1,348.4,13,92.5
2026-02-01,Sunday,11:30,Billing,61,59,54,2,361.7,14,88.5
2026-02-01,Sunday,12:00,Billing,49,48,47,1,332.7,14,95.9
2026-02-01,Sunday,12:30,Billing,30,30,30,0,288.7,12,100.0
2026-02-01,Sunday,13:00,Billing,40,39,37,1,315.6,13,92.5
2026-02-01,Sunday,13:30,Billing,22,22,21,0,306.6,12,95.5
2026-02-01,Sunday,14:00,Billing,31,31,31,0,304.1,12,100.0
2026-02-01,Sunday,14:30,Billing,34,34,33,0,328.4,12,97.1
2026-02-01,Sunday,15:00,Billing,28,28,28,0,288.7,11,100.0
2026-02-01,Sunday,15:30,Billing,24,24,23,0,369.6,11,95.8
2026-02-01,Sunday,16:00,Billing,35,35,34,0,322.5,11,97.1
2026-02-01,Sunday,16:30,Billing,35,35,34,0,307.2,13,97.1
2026-02-01,Sunday,17:00,Billing,35,34,32,1,336.3,14,91.4
2026-02-01,Sunday,17:30,Billing,40,40,40,0,368.9,12,100.0
2026-02-01,Sunday,18:00,Billing,36,36,36,0,348.2,11,100.0
2026-02-01,Sunday,18:30,Billing,35,35,35,0,284.7,13,100.0
2026-02-01,Sunday,19:00,Billing,43,41,37,2,345.9,13,86.0
2026-02-01,Sunday,19:30,Billing,29,28,26,1,354.4,12,89.7
2026-02-01,Sunday,20:00,Billing,35,35,35,0,349.0,12,100.0
2026-02-01,Sunday,20:30,Billing,32,32,32,0,408.3,14,100.0
2026-02-01,Sunday,21:00,Billing,23,23,23,0,326.6,9,100.0
2026-02-01,Sunday,21:30,Billing,25,24,22,1,287.1,11,88.0
2026-02-01,Sunday,08:00,Tech Support,19,19,18,0,490.0,9,94.7
2026-02-01,Sunday,08:30,Tech Support,22,21,20,1,509.3,8,90.9
2026-02-01,Sunday,09:00,Tech Support,25,25,25,0,403.5,13,100.0
2026-02-01,Sunday,09:30,Tech Support,20,20,19,0,469.6,13,95.0
2026-02-01,Sunday,10:00,Tech Support,28,28,28,0,460.1,11,100.0
2026-02-01,Sunday,10:30,Tech Support,36,36,36,0,463.5,12,100.0
2026-02-01,Sunday,11:00,Tech Support,19,19,19,0,417.3,12,100.0
2026-02-01,Sunday,11:30,Tech Support,31,30,29,1,476.6,14,93.5
2026-02-01,Sunday,12:00,Tech Support,25,25,25,0,486.5,14,100.0
2026-02-01,Sunday,12:30,Tech Support,23,23,22,0,439.4,12,95.7
2026-02-01,Sunday,13:00,Tech Support,10,10,10,0,440.0,12,100.0
2026-02-01,Sunday,13:30,Tech Support,14,14,14,0,485.1,11,100.0
2026-02-01,Sunday,14:00,Tech Support,20,20,20,0,421.8,12,100.0
2026-02-01,Sunday,14:30,Tech Support,17,17,17,0,452.9,9,100.0
2026-02-01,Sunday,15:00,Tech Support,17,17,17,0,473.8,11,100.0
2026-02-01,Sunday,15:30,Tech Support,14,14,14,0,488.1,12,100.0
2026-02-01,Sunday,16:00,Tech Support,17,17,17,0,484.4,13,100.0
2026-02-01,Sunday,16:30,Tech Support,15,15,15,0,455.4,10,100.0
2026-02-01,Sunday,17:00,Tech Support,17,17,17,0,476.9,9,100.0
2026-02-01,Sunday,17:30,Tech Support,20,20,20,0,504.8,12,100.0
2026-02-01,Sunday,18:00,Tech Support,14,14,14,0,550.3,13,100.0
2026-02-01,Sunday,18:30,Tech Support,21,21,21,0,470.3,11,100.0
2026-02-01,Sunday,19:00,Tech Support,27,27,27,0,493.5,10,100.0
2026-02-01,Sunday,19:30,Tech Support,19,19,18,0,505.0,11,94.7
2026-02-01,Sunday,20:00,Tech Support,13,13,13,0,499.6,11,100.0
2026-02-01,Sunday,20:30,Tech Support,20,20,19,0,487.2,7,95.0
2026-02-01,Sunday,21:00,Tech Support,21,21,21,0,481.0,10,100.0
2026-02-01,Sunday,21:30,Tech Support,16,16,15,0,475.9,9,93.8
2026-02-02,Monday,08:00,Billing,65,59,46,6,401.9,13,70.8
2026-02-02,Monday,08:30,Billing,64,63,60,1,364.5,15,93.8
2026-02-02,Monday,09:00,Billing,73,64,45,9,337.3,12,61.6
2026-02-02,Monday,09:30,Billing,89,74,42,15,319.8,11,47.2
2026-02-02,Monday,10:00,Billing,70,67,60,3,308.4,15,85.7
2026-02-02,Monday,10:30,Billing,103,89,58,14,333.4,15,56.3
2026-02-02,Monday,11:00,Billing,94,88,74,6,314.5,17,78.7
2026-02-02,Monday,11:30,Billing,93,85,66,8,323.2,15,71.0
2026-02-02,Monday,12:00,Billing,86,76,55,10,336.8,14,64.0
2026-02-02,Monday,12:30,Billing,73,67,54,6,372.4,14,74.0
2026-02-02,Monday,13:00,Billing,86,76,54,10,363.2,15,62.8
2026-02-02,Monday,13:30,Billing,77,73,63,4,333.4,15,81.8
2026-02-02,Monday,14:00,Billing,57,55,50,2,363.0,14,87.7
2026-02-02,Monday,14:30,Billing,58,55,49,3,325.5,11,84.5
2026-02-02,Monday,15:00,Billing,49,49,48,0,298.7,12,98.0
2026-02-02,Monday,15:30,Billing,68,63,52,5,292.7,12,76.5
2026-02-02,Monday,16:00,Billing,60,52,35,8,344.7,9,58.3
2026-02-02,Monday,16:30,Billing,76,72,63,4,266.8,13,82.9
2026-02-02,Monday,17:00,Billing,85,76,57,9,305.0,14,67.1
2026-02-02,Monday,17:30,Billing,78,71,54,7,332.7,13,69.2
2026-02-02,Monday,18:00,Billing,74,67,51,7,348.9,13,68.9
2026-02-02,Monday,18:30,Billing,93,72,32,21,370.7,11,34.4
2026-02-02,Monday,19:00,Billing,70,65,53,5,312.4,12,75.7
2026-02-02,Monday,19:30,Billing,67,51,20,16,325.3,7,29.9
2026-02-02,Monday,20:00,Billing,77,66,43,11,375.8,12,55.8
2026-02-02,Monday,20:30,Billing,48,47,44,1,310.0,10,91.7
2026-02-02,Monday,21:00,Billing,49,46,38,3,382.4,10,77.6
2026-02-02,Monday,21:30,Billing,54,53,51,1,337.6,13,94.4
2026-02-02,Monday,08:00,Tech Support,40,33,19,7,540.6,9,47.5
2026-02-02,Monday,08:30,Tech Support,38,36,31,2,475.4,11,81.6
2026-02-02,Monday,09:00,Tech Support,37,34,27,3,531.4,11,73.0
2026-02-02,Monday,09:30,Tech Support,42,38,29,4,440.5,9,69.0
2026-02-02,Monday,10:00,Tech Support,52,47,35,5,490.3,12,67.3
2026-02-02,Monday,10:30,Tech Support,57,50,35,7,476.7,12,61.4
2026-02-02,Monday,11:00,Tech Support,53,48,38,5,506.3,13,71.7
2026-02-02,Monday,11:30,Tech Support,71,48,10,23,473.1,8,14.1
2026-02-02,Monday,12:00,Tech Support,55,50,39,5,485.4,13,70.9
2026-02-02,Monday,12:30,Tech Support,54,42,18,12,488.1,9,33.3
2026-02-02,Monday,13:00,Tech Support,40,37,31,3,446.8,10,77.5
2026-02-02,Monday,13:30,Tech Support,46,42,33,4,502.4,12,71.7
2026-02-02,Monday,14:00,Tech Support,45,38,24,7,431.4,8,53.3
2026-02-02,Monday,14:30,Tech Support,39,37,31,2,463.3,10,79.5
2026-02-02,Monday,15:00,Tech Support,42,37,25,5,521.2,10,59.5
2026-02-02,Monday,15:30,Tech Support,36,35,32,1,529.7,12,88.9
2026-02-02,Monday,16:00,Tech Support,36,34,29,2,493.6,10,80.6
2026-02-02,Monday,16:30,Tech Support,35,34,33,1,438.5,11,94.3
2026-02-02,Monday,17:00,Tech Support,50,45,34,5,507.7,13,68.0
2026-02-02,Monday,17:30,Tech Support,38,34,24,4,480.3,9,63.2
2026-02-02,Monday,18:00,Tech Support,46,41,31,5,529.3,12,67.4
2026-02-02,Monday,18:30,Tech Support,48,45,39,3,479.9,14,81.2
2026-02-02,Monday,19:00,Tech Support,41,40,37,1,481.9,13,90.2
2026-02-02,Monday,19:30,Tech Support,42,39,33,3,481.6,12,78.6
2026-02-02,Monday,20:00,Tech Support,35,33,28,2,495.2,10,80.0
2026-02-02,Monday,20:30,Tech Support,40,35,25,5,513.6,10,62.5
2026-02-02,Monday,21:00,Tech Support,38,33,21,5,501.6,8,55.3
2026-02-02,Monday,21:30,Tech Support,34,31,24,3,495.3,10,70.6
2026-02-03,Tuesday,08:00,Billing,56,53,46,3,387.4,14,82.1
2026-02-03,Tuesday,08:30,Billing,64,60,51,4,383.2,14,79.7
2026-02-03,Tuesday,09:00,Billing,55,53,49,2,346.0,12,89.1
2026-02-03,Tuesday,09:30,Billing,77,75,70,2,317.7,15,90.9
2026-02-03,Tuesday,10:00,Billing,84,76,59,8,342.3,15,70.2
2026-02-03,Tuesday,10:30,Billing,84,76,58,8,314.3,14,69.0
2026-02-03,Tuesday,11:00,Billing,82,76,63,6,320.3,14,76.8
2026-02-03,Tuesday,11:30,Billing,79,69,46,10,354.5,12,58.2
2026-02-03,Tuesday,12:00,Billing,67,66,62,1,289.3,16,92.5
2026-02-03,Tuesday,12:30,Billing,56,54,49,2,315.5,11,87.5
2026-02-03,Tuesday,13:00,Billing,53,53,53,0,309.9,14,100.0
2026-02-03,Tuesday,13:30,Billing,75,75,75,0,245.0,13,100.0
2026-02-03,Tuesday,14:00,Billing,57,49,31,8,397.7,10,54.4
2026-02-03,Tuesday,14:30,Billing,58,58,58,0,288.6,14,100.0
2026-02-03,Tuesday,15:00,Billing,59,55,45,4,401.7,12,76.3
2026-02-03,Tuesday,15:30,Billing,61,61,61,0,312.0,14,100.0
2026-02-03,Tuesday,16:00,Billing,48,46,42,2,325.8,10,87.5
2026-02-03,Tuesday,16:30,Billing,70,66,55,4,302.1,12,78.6
2026-02-03,Tuesday,17:00,Billing,59,58,56,1,347.3,15,94.9
2026-02-03,Tuesday,17:30,Billing,65,59,44,6,355.2,11,67.7
2026-02-03,Tuesday,18:00,Billing,76,70,57,6,361.2,15,75.0
2026-02-03,Tuesday,18:30,Billing,69,66,59,3,349.8,15,85.5
2026-02-03,Tuesday,19:00,Billing,67,60,45,7,312.5,10,67.2
2026-02-03,Tuesday,19:30,Billing,72,67,56,5,348.0,14,77.8
2026-02-03,Tuesday,20:00,Billing,61,56,44,5,322.5,10,72.1
2026-02-03,Tuesday,20:30,Billing,54,50,42,4,340.9,10,77.8
2026-02-03,Tuesday,21:00,Billing,58,56,50,2,319.7,11,86.2
2026-02-03,Tuesday,21:30,Billing,48,48,48,0,318.5,14,100.0
2026-02-03,Tuesday,08:00,Tech Support,33,28,18,5,527.2,8,54.5
2026-02-03,Tuesday,08:30,Tech Support,35,28,14,7,541.3,7,40.0
2026-02-03,Tuesday,09:00,Tech Support,37,35,30,2,525.4,12,81.1
2026-02-03,Tuesday,09:30,Tech Support,42,37,27,5,421.5,8,64.3
2026-02-03,Tuesday,10:00,Tech Support,39,38,35,1,472.7,12,89.7
2026-02-03,Tuesday,10:30,Tech Support,49,45,36,4,469.7,13,73.5
2026-02-03,Tuesday,11:00,Tech Support,49,43,30,6,477.5,11,61.2
2026-02-03,Tuesday,11:30,Tech Support,52,41,19,11,487.3,9,36.5
2026-02-03,Tuesday,12:00,Tech Support,47,45,41,2,404.6,12,87.2
2026-02-03,Tuesday,12:30,Tech Support,37,36,32,1,401.5,10,86.5
2026-02-03,Tuesday,13:00,Tech Support,38,38,37,0,464.3,13,97.4
2026-02-03,Tuesday,13:30,Tech Support,34,34,33,0,423.9,12,97.1
2026-02-03,Tuesday,14:00,Tech Support,26,25,24,1,483.5,8,92.3
2026-02-03,Tuesday,14:30,Tech Support,30,29,28,1,444.0,9,93.3
2026-02-03,Tuesday,15:00,Tech Support,38,35,28,3,458.0,9,73.7
2026-02-03,Tuesday,15:30,Tech Support,42,39,32,3,495.4,12,76.2
2026-02-03,Tuesday,16:00,Tech Support,30,30,30,0,481.7,14,100.0
2026-02-03,Tuesday,16:30,Tech Support,36,31,20,5,541.7,8,55.6
2026-02-03,Tuesday,17:00,Tech Support,35,34,32,1,499.6,13,91.4
2026-02-03,Tuesday,17:30,Tech Support,41,41,41,0,473.5,12,100.0
2026-02-03,Tuesday,18:00,Tech Support,32,31,30,1,434.6,11,93.8
2026-02-03,Tuesday,18:30,Tech Support,40,39,37,1,463.8,14,92.5
2026-02-03,Tuesday,19:00,Tech Support,41,38,32,3,495.0,12,78.0
2026-02-03,Tuesday,19:30,Tech Support,33,29,19,4,533.0,8,57.6
2026-02-03,Tuesday,20:00,Tech Support,28,28,27,0,497.2,12,96.4
2026-02-03,Tuesday,20:30,Tech Support,31,30,26,1,461.7,9,83.9
2026-02-03,Tuesday,21:00,Tech Support,22,22,21,0,470.1,13,95.5
2026-02-03,Tuesday,21:30,Tech Support,34,29,19,5,459.4,7,55.9
2026-02-04,Wednesday,08:00,Billing,54,47,32,7,367.7,9,59.3
2026-02-04,Wednesday,08:30,Billing,52,50,45,2,367.7,12,86.5
2026-02-04,Wednesday,09:00,Billing,62,60,55,2,303.4,13,88.7
2026-02-04,Wednesday,09:30,Billing,73,71,66,2,282.1,14,90.4
2026-02-04,Wednesday,10:00,Billing,77,72,59,5,346.7,14,76.6
2026-02-04,Wednesday,10:30,Billing,58,57,54,1,218.2,14,93.1
2026-02-04,Wednesday,11:00,Billing,83,77,64,6,307.3,15,77.1
2026-02-04,Wednesday,11:30,Billing,72,70,65,2,328.9,15,90.3
2026-02-04,Wednesday,12:00,Billing,76,72,63,4,314.0,15,82.9
2026-02-04,Wednesday,12:30,Billing,66,66,66,0,265.2,14,100.0
2026-02-04,Wednesday,13:00,Billing,63,59,49,4,315.4,11,77.8
2026-02-04,Wednesday,13:30,Billing,56,54,48,2,323.7,11,85.7
2026-02-04,Wednesday,14:00,Billing,59,58,55,1,333.9,14,93.2
2026-02-04,Wednesday,14:30,Billing,43,42,39,1,346.4,10,90.7
2026-02-04,Wednesday,15:00,Billing,50,50,49,0,293.0,11,98.0
2026-02-04,Wednesday,15:30,Billing,59,57,52,2,338.2,12,88.1
2026-02-04,Wednesday,16:00,Billing,54,54,54,0,271.6,11,100.0
2026-02-04,Wednesday,16:30,Billing,66,64,58,2,298.9,13,87.9
2026-02-04,Wednesday,17:00,Billing,60,54,42,6,311.0,10,70.0
2026-02-04,Wednesday,17:30,Billing,52,51,50,1,319.6,11,96.2
2026-02-04,Wednesday,18:00,Billing,74,66,48,8,339.0,12,64.9
2026-02-04,Wednesday,18:30,Billing,91,78,51,13,320.0,12,56.0
2026-02-04,Wednesday,19:00,Billing,62,59,53,3,328.4,12,85.5
2026-02-04,Wednesday,19:30,Billing,65,54,32,11,403.3,10,49.2
2026-02-04,Wednesday,20:00,Billing,59,57,52,2,315.7,12,88.1
2026-02-04,Wednesday,20:30,Billing,43,42,40,1,303.0,10,93.0
2026-02-04,Wednesday,21:00,Billing,55,54,52,1,345.1,12,94.5
2026-02-04,Wednesday,21:30,Billing,46,46,46,0,330.2,13,100.0
2026-02-04,Wednesday,08:00,Tech Support,31,30,28,1,454.0,11,90.3
2026-02-04,Wednesday,08:30,Tech Support,28,28,28,0,460.2,11,100.0
2026-02-04,Wednesday,09:00,Tech Support,38,36,32,2,477.8,12,84.2
2026-02-04,Wednesday,09:30,Tech Support,44,43,40,1,430.6,15,90.9
2026-02-04,Wednesday,10:00,Tech Support,47,43,34,4,477.4,12,72.3
2026-02-04,Wednesday,10:30,Tech Support,55,46,28,9,518.6,12,50.9
2026-02-04,Wednesday,11:00,Tech Support,34,33,31,1,435.6,10,91.2
2026-02-04,Wednesday,11:30,Tech Support,39,37,32,2,485.6,12,82.1
2026-02-04,Wednesday,12:00,Tech Support,44,41,34,3,456.0,12,77.3
2026-02-04,Wednesday,12:30,Tech Support,27,27,27,0,492.2,11,100.0
2026-02-04,Wednesday,13:00,Tech Support,43,39,30,4,493.5,11,69.8
2026-02-04,Wednesday,13:30,Tech Support,35,33,28,2,474.6,10,80.0
2026-02-04,Wednesday,14:00,Tech Support,31,31,31,0,444.3,10,100.0
2026-02-04,Wednesday,14:30,Tech Support,30,29,27,1,396.1,11,90.0
2026-02-04,Wednesday,15:00,Tech Support,33,32,30,1,556.0,12,90.9
2026-02-04,Wednesday,15:30,Tech Support,30,28,24,2,485.5,9,80.0
2026-02-04,Wednesday,16:00,Tech Support,31,27,18,4,510.4,7,58.1
2026-02-04,Wednesday,16:30,Tech Support,24,24,24,0,490.7,9,100.0
2026-02-04,Wednesday,17:00,Tech Support,35,33,29,2,463.5,10,82.9
2026-02-04,Wednesday,17:30,Tech Support,39,39,38,0,458.6,13,97.4
2026-02-04,Wednesday,18:00,Tech Support,26,26,25,0,444.1,10,96.2
2026-02-04,Wednesday,18:30,Tech Support,41,37,29,4,462.3,10,70.7
2026-02-04,Wednesday,19:00,Tech Support,27,27,27,0,407.6,8,100.0
2026-02-04,Wednesday,19:30,Tech Support,40,37,30,3,473.4,10,75.0
2026-02-04,Wednesday,20:00,Tech Support,35,34,33,1,456.3,10,94.3
2026-02-04,Wednesday,20:30,Tech Support,30,30,29,0,510.4,11,96.7
2026-02-04,Wednesday,21:00,Tech Support,30,29,26,1,505.2,10,86.7
2026-02-04,Wednesday,21:30,Tech Support,40,39,36,1,469.2,14,90.0
2026-02-05,Thursday,08:00,Billing,67,65,61,2,334.6,16,91.0
2026-02-05,Thursday,08:30,Billing,54,50,41,4,386.8,11,75.9
2026-02-05,Thursday,09:00,Billing,52,51,48,1,283.5,10,92.3
2026-02-05,Thursday,09:30,Billing,71,68,61,3,276.5,12,85.9
2026-02-05,Thursday,10:00,Billing,65,64,61,1,323.1,14,93.8
2026-02-05,Thursday,10:30,Billing,72,69,63,3,318.6,14,87.5
2026-02-05,Thursday,11:00,Billing,90,82,65,8,303.4,15,72.2
2026-02-05,Thursday,11:30,Billing,76,72,62,4,296.0,14,81.6
2026-02-05,Thursday,12:00,Billing,70,68,63,2,298.7,13,90.0
2026-02-05,Thursday,12:30,Billing,73,68,56,5,279.8,12,76.7
2026-02-05,Thursday,13:00,Billing,74,65,46,9,310.2,11,62.2
2026-02-05,Thursday,13:30,Billing,56,54,50,2,402.8,14,89.3
2026-02-05,Thursday,14:00,Billing,50,49,46,1,350.9,11,92.0
2026-02-05,Thursday,14:30,Billing,46,45,42,1,334.4,14,91.3
2026-02-05,Thursday,15:00,Billing,39,38,35,1,280.8,11,89.7
2026-02-05,Thursday,15:30,Billing,37,36,35,1,335.9,13,94.6
2026-02-05,Thursday,16:00,Billing,45,45,45,0,316.4,16,100.0
2026-02-05,Thursday,16:30,Billing,51,50,48,1,328.5,12,94.1
2026-02-05,Thursday,17:00,Billing,67,64,57,3,296.5,13,85.1
2026-02-05,Thursday,17:30,Billing,71,68,61,3,266.0,13,85.9
2026-02-05,Thursday,18:00,Billing,74,67,50,7,394.8,15,67.6
2026-02-05,Thursday,18:30,Billing,60,60,59,0,287.3,16,98.3
2026-02-05,Thursday,19:00,Billing,62,61,58,1,323.7,13,93.5
2026-02-05,Thursday,19:30,Billing,48,46,41,2,386.8,12,85.4
2026-02-05,Thursday,20:00,Billing,56,54,49,2,333.5,12,87.5
2026-02-05,Thursday,20:30,Billing,54,53,50,1,346.2,13,92.6
2026-02-05,Thursday,21:00,Billing,58,55,49,3,312.4,12,84.5
2026-02-05,Thursday,21:30,Billing,48,48,48,0,322.3,11,100.0
2026-02-05,Thursday,08:00,Tech Support,38,34,26,4,562.3,11,68.4
2026-02-05,Thursday,08:30,Tech Support,33,32,29,1,457.8,9,87.9
2026-02-05,Thursday,09:00,Tech Support,33,32,30,1,451.4,10,90.9
2026-02-05,Thursday,09:30,Tech Support,29,29,29,0,463.7,11,100.0
2026-02-05,Thursday,10:00,Tech Support,35,32,24,3,465.5,8,68.6
2026-02-05,Thursday,10:30,Tech Support,48,41,27,7,480.2,10,56.2
2026-02-05,Thursday,11:00,Tech Support,40,38,34,2,502.2,12,85.0
2026-02-05,Thursday,11:30,Tech Support,47,46,43,1,463.4,14,91.5
2026-02-05,Thursday,12:00,Tech Support,46,42,32,4,443.5,10,69.6
2026-02-05,Thursday,12:30,Tech Support,26,26,25,0,483.5,13,96.2
2026-02-05,Thursday,13:00,Tech Support,37,35,31,2,456.8,10,83.8
2026-02-05,Thursday,13:30,Tech Support,40,36,27,4,464.5,10,67.5
2026-02-05,Thursday,14:00,Tech Support,29,29,28,0,509.3,10,96.6
2026-02-05,Thursday,14:30,Tech Support,25,25,24,0,514.5,12,96.0
2026-02-05,Thursday,15:00,Tech Support,23,23,23,0,507.3,12,100.0
2026-02-05,Thursday,15:30,Tech Support,25,24,22,1,488.0,8,88.0
2026-02-05,Thursday,16:00,Tech Support,37,35,31,2,481.9,11,83.8
2026-02-05,Thursday,16:30,Tech Support,36,36,36,0,486.6,12,100.0
2026-02-05,Thursday,17:00,Tech Support,38,36,32,2,485.9,11,84.2
2026-02-05,Thursday,17:30,Tech Support,37,34,28,3,462.0,9,75.7
2026-02-05,Thursday,18:00,Tech Support,40,37,31,3,427.4,9,77.5
2026-02-05,Thursday,18:30,Tech Support,44,41,35,3,536.6,13,79.5
2026-02-05,Thursday,19:00,Tech Support,30,30,30,0,398.3,10,100.0
2026-02-05,Thursday,19:30,Tech Support,42,39,32,3,478.6,11,76.2
2026-02-05,Thursday,20:00,Tech Support,32,30,26,2,489.5,9,81.2
2026-02-05,Thursday,20:30,Tech Support,39,33,20,6,440.5,7,51.3
2026-02-05,Thursday,21:00,Tech Support,31,31,30,0,460.6,10,96.8
2026-02-05,Thursday,21:30,Tech Support,36,34,29,2,474.1,10,80.6
2026-02-06,Friday,08:00,Billing,46,45,41,1,270.3,12,89.1
2026-02-06,Friday,08:30,Billing,63,61,56,2,350.3,14,88.9
2026-02-06,Friday,09:00,Billing,61,59,54,2,363.5,13,88.5
2026-02-06,Friday,09:30,Billing,67,63,53,4,350.8,13,79.1
2026-02-06,Friday,10:00,Billing,63,60,54,3,322.8,13,85.7
2026-02-06,Friday,10:30,Billing,66,66,66,0,286.8,14,100.0
2026-02-06,Friday,11:00,Billing,84,78,64,6,326.8,15,76.2
2026-02-06,Friday,11:30,Billing,73,67,53,6,311.2,12,72.6
2026-02-06,Friday,12:00,Billing,67,60,44,7,411.8,13,65.7
2026-02-06,Friday,12:30,Billing,92,78,47,14,325.3,11,51.1
2026-02-06,Friday,13:00,Billing,49,49,49,0,363.9,15,100.0
2026-02-06,Friday,13:30,Billing,49,48,45,1,264.2,14,91.8
2026-02-06,Friday,14:00,Billing,39,39,39,0,345.6,11,100.0
2026-02-06,Friday,14:30,Billing,50,49,47,1,287.0,14,94.0
2026-02-06,Friday,15:00,Billing,45,43,38,2,347.9,13,84.4
2026-02-06,Friday,15:30,Billing,40,39,37,1,362.4,10,92.5
2026-02-06,Friday,16:00,Billing,48,48,48,0,264.1,14,100.0
2026-02-06,Friday,16:30,Billing,34,33,31,1,322.4,13,91.2
2026-02-06,Friday,17:00,Billing,49,48,47,1,266.0,12,95.9
2026-02-06,Friday,17:30,Billing,48,48,48,0,338.2,13,100.0
2026-02-06,Friday,18:00,Billing,52,47,36,5,355.8,10,69.2
2026-02-06,Friday,18:30,Billing,50,50,50,0,350.3,13,100.0
2026-02-06,Friday,19:00,Billing,59,57,53,2,283.1,13,89.8
2026-02-06,Friday,19:30,Billing,64,63,60,1,316.6,14,93.8
2026-02-06,Friday,20:00,Billing,50,47,41,3,306.5,10,82.0
2026-02-06,Friday,20:30,Billing,51,51,50,0,345.4,13,98.0
2026-02-06,Friday,21:00,Billing,46,46,45,0,300.4,12,97.8
2026-02-06,Friday,21:30,Billing,57,55,50,2,316.4,11,87.7
2026-02-06,Friday,08:00,Tech Support,39,34,22,5,464.9,8,56.4
2026-02-06,Friday,08:30,Tech Support,31,30,27,1,499.6,10,87.1
2026-02-06,Friday,09:00,Tech Support,38,38,38,0,455.6,12,100.0
2026-02-06,Friday,09:30,Tech Support,37,36,33,1,479.4,12,89.2
2026-02-06,Friday,10:00,Tech Support,46,40,27,6,497.4,11,58.7
2026-02-06,Friday,10:30,Tech Support,46,41,31,5,487.5,12,67.4
2026-02-06,Friday,11:00,Tech Support,47,43,33,4,502.3,13,70.2
2026-02-06,Friday,11:30,Tech Support,55,49,36,6,488.1,13,65.5
2026-02-06,Friday,12:00,Tech Support,37,37,37,0,448.6,14,100.0
2026-02-06,Friday,12:30,Tech Support,49,45,35,4,425.3,10,71.4
2026-02-06,Friday,13:00,Tech Support,28,28,27,0,480.5,11,96.4
2026-02-06,Friday,13:30,Tech Support,23,23,22,0,478.6,13,95.7
2026-02-06,Friday,14:00,Tech Support,35,33,29,2,517.7,11,82.9
2026-02-06,Friday,14:30,Tech Support,16,16,16,0,523.2,8,100.0
2026-02-06,Friday,15:00,Tech Support,28,28,28,0,488.7,11,100.0
2026-02-06,Friday,15:30,Tech Support,31,30,28,1,489.2,9,90.3
2026-02-06,Friday,16:00,Tech Support,27,27,27,0,447.1,11,100.0
2026-02-06,Friday,16:30,Tech Support,35,33,27,2,524.8,10,77.1
2026-02-06,Friday,17:00,Tech Support,42,39,31,3,488.2,11,73.8
2026-02-06,Friday,17:30,Tech Support,32,31,30,1,429.1,12,93.8
2026-02-06,Friday,18:00,Tech Support,26,25,23,1,489.9,11,88.5
2026-02-06,Friday,18:30,Tech Support,37,36,34,1,464.2,11,91.9
2026-02-06,Friday,19:00,Tech Support,35,35,35,0,383.0,13,100.0
2026-02-06,Friday,19:30,Tech Support,23,23,22,0,418.3,10,95.7
2026-02-06,Friday,20:00,Tech Support,21,21,21,0,476.9,10,100.0
2026-02-06,Friday,20:30,Tech Support,33,33,33,0,516.3,12,100.0
2026-02-06,Friday,21:00,Tech Support,28,27,25,1,474.8,9,89.3
2026-02-06,Friday,21:30,Tech Support,26,26,26,0,443.6,8,100.0
2026-02-07,Saturday,08:00,Billing,40,40,40,0,363.4,13,100.0
2026-02-07,Saturday,08:30,Billing,43,42,39,1,378.1,13,90.7
2026-02-07,Saturday,09:00,Billing,47,47,46,0,308.1,15,97.9
2026-02-07,Saturday,09:30,Billing,52,52,52,0,323.6,14,100.0
2026-02-07,Saturday,10:00,Billing,48,48,48,0,359.0,14,100.0
2026-02-07,Saturday,10:30,Billing,50,49,48,1,356.9,16,96.0
2026-02-07,Saturday,11:00,Billing,67,66,63,1,289.2,14,94.0
2026-02-07,Saturday,11:30,Billing,52,51,49,1,310.9,16,94.2
2026-02-07,Saturday,12:00,Billing,37,37,37,0,305.0,15,100.0
2026-02-07,Saturday,12:30,Billing,42,41,37,1,403.1,12,88.1
2026-02-07,Saturday,13:00,Billing,44,44,44,0,295.9,13,100.0
2026-02-07,Saturday,13:30,Billing,38,37,34,1,404.9,12,89.5
2026-02-07,Saturday,14:00,Billing,36,36,35,0,303.6,13,97.2
2026-02-07,Saturday,14:30,Billing,44,44,43,0,329.6,13,97.7
2026-02-07,Saturday,15:00,Billing,42,42,42,0,301.7,12,100.0
2026-02-07,Saturday,15:30,Billing,31,30,29,1,298.6,13,93.5
2026-02-07,Saturday,16:00,Billing,39,39,38,0,412.5,13,97.4
2026-02-07,Saturday,16:30,Billing,43,42,39,1,343.7,12,90.7
2026-02-07,Saturday,17:00,Billing,40,39,36,1,334.6,12,90.0
2026-02-07,Saturday,17:30,Billing,38,37,35,1,268.5,12,92.1
2026-02-07,Saturday,18:00,Billing,54,54,53,0,312.4,14,98.1
2026-02-07,Saturday,18:30,Billing,46,46,45,0,298.4,11,97.8
2026-02-07,Saturday,19:00,Billing,65,63,59,2,263.3,13,90.8
2026-02-07,Saturday,19:30,Billing,40,39,36,1,410.6,11,90.0
2026-02-07,Saturday,20:00,Billing,37,36,35,1,305.0,13,94.6
2026-02-07,Saturday,20:30,Billing,36,35,33,1,294.6,11,91.7
2026-02-07,Saturday,21:00,Billing,38,38,38,0,283.1,11,100.0
2026-02-07,Saturday,21:30,Billing,30,29,27,1,357.8,10,90.0
2026-02-07,Saturday,08:00,Tech Support,25,25,25,0,477.7,10,100.0
2026-02-07,Saturday,08:30,Tech Support,25,25,25,0,486.8,10,100.0
2026-02-07,Saturday,09:00,Tech Support,22,22,22,0,571.6,11,100.0
2026-02-07,Saturday,09:30,Tech Support,28,28,28,0,487.5,13,100.0
2026-02-07,Saturday,10:00,Tech Support,28,27,25,1,511.3,10,89.3
2026-02-07,Saturday,10:30,Tech Support,32,31,29,1,509.0,11,90.6
2026-02-07,Saturday,11:00,Tech Support,28,28,27,0,468.0,12,96.4
2026-02-07,Saturday,11:30,Tech Support,31,31,31,0,472.8,12,100.0
2026-02-07,Saturday,12:00,Tech Support,24,24,24,0,476.4,13,100.0
2026-02-07,Saturday,12:30,Tech Support,26,26,25,0,477.2,11,96.2
2026-02-07,Saturday,13:00,Tech Support,24,24,24,0,495.7,10,100.0
2026-02-07,Saturday,13:30,Tech Support,21,21,20,0,478.1,9,95.2
2026-02-07,Saturday,14:00,Tech Support,22,22,21,0,395.5,13,95.5
2026-02-07,Saturday,14:30,Tech Support,18,18,17,0,475.0,10,94.4
2026-02-07,Saturday,15:00,Tech Support,19,19,18,0,492.7,10,94.7
2026-02-07,Saturday,15:30,Tech Support,23,23,22,0,549.1,10,95.7
2026-02-07,Saturday,16:00,Tech Support,20,20,19,0,495.2,10,95.0
2026-02-07,Saturday,16:30,Tech Support,24,24,24,0,528.4,11,100.0
2026-02-07,Saturday,17:00,Tech Support,24,24,24,0,451.5,11,100.0
2026-02-07,Saturday,17:30,Tech Support,28,28,28,0,475.8,11,100.0
2026-02-07,Saturday,18:00,Tech Support,22,22,21,0,503.5,10,95.5
2026-02-07,Saturday,18:30,Tech Support,32,32,31,0,500.1,12,96.9
2026-02-07,Saturday,19:00,Tech Support,22,22,22,0,453.8,9,100.0
2026-02-07,Saturday,19:30,Tech Support,27,27,27,0,495.0,10,100.0
2026-02-07,Saturday,20:00,Tech Support,22,22,21,0,502.1,9,95.5
2026-02-07,Saturday,20:30,Tech Support,16,16,16,0,470.2,12,100.0
2026-02-07,Saturday,21:00,Tech Support,27,27,27,0,459.4,9,100.0
2026-02-07,Saturday,21:30,Tech Support,20,20,19,0,497.3,9,95.0
2026-02-08,Sunday,08:00,Billing,22,22,22,0,364.9,11,100.0
2026-02-08,Sunday,08:30,Billing,30,30,30,0,321.6,13,100.0
2026-02-08,Sunday,09:00,Billing,35,34,33,1,317.5,14,94.3
2026-02-08,Sunday,09:30,Billing,47,46,42,1,369.4,12,89.4
2026-02-08,Sunday,10:00,Billing,37,37,36,0,353.4,15,97.3
2026-02-08,Sunday,10:30,Billing,41,40,38,1,370.7,16,92.7
2026-02-08,Sunday,11:00,Billing,45,45,45,0,303.6,14,100.0
2026-02-08,Sunday,11:30,Billing,46,45,43,1,359.3,15,93.5
2026-02-08,Sunday,12:00,Billing,45,45,45,0,327.1,12,100.0
2026-02-08,Sunday,12:30,Billing,40,39,37,1,280.9,13,92.5
2026-02-08,Sunday,13:00,Billing,35,34,32,1,302.3,10,91.4
2026-02-08,Sunday,13:30,Billing,30,30,29,0,322.2,9,96.7
2026-02-08,Sunday,14:00,Billing,36,35,32,1,366.0,14,88.9
2026-02-08,Sunday,14:30,Billing,32,32,31,0,388.9,12,96.9
2026-02-08,Sunday,15:00,Billing,29,28,26,1,344.0,11,89.7
2026-02-08,Sunday,15:30,Billing,33,32,30,1,352.2,12,90.9
2026-02-08,Sunday,16:00,Billing,29,29,29,0,275.2,11,100.0
2026-02-08,Sunday,16:30,Billing,33,33,32,0,306.4,10,97.0
2026-02-08,Sunday,17:00,Billing,35,35,35,0,361.9,12,100.0
2026-02-08,Sunday,17:30,Billing,31,31,31,0,312.2,14,100.0
2026-02-08,Sunday,18:00,Billing,38,38,37,0,275.0,11,97.4
2026-02-08,Sunday,18:30,Billing,30,30,30,0,316.9,15,100.0
2026-02-08,Sunday,19:00,Billing,30,30,30,0,311.3,13,100.0
2026-02-08,Sunday,19:30,Billing,31,31,30,0,272.3,10,96.8
2026-02-08,Sunday,20:00,Billing,24,23,22,1,350.9,11,91.7
2026-02-08,Sunday,20:30,Billing,20,20,20,0,294.4,11,100.0
2026-02-08,Sunday,21:00,Billing,39,39,39,0,366.6,12,100.0
2026-02-08,Sunday,21:30,Billing,26,26,25,0,306.5,10,96.2
2026-02-08,Sunday,08:00,Tech Support,19,18,17,1,501.7,13,89.5
2026-02-08,Sunday,08:30,Tech Support,18,18,17,0,506.8,10,94.4
2026-02-08,Sunday,09:00,Tech Support,19,19,19,0,479.3,10,100.0
2026-02-08,Sunday,09:30,Tech Support,20,20,20,0,462.1,13,100.0
2026-02-08,Sunday,10:00,Tech Support,25,25,25,0,516.4,13,100.0
2026-02-08,Sunday,10:30,Tech Support,19,19,18,0,490.2,12,94.7
2026-02-08,Sunday,11:00,Tech Support,20,20,19,0,463.8,12,95.0
2026-02-08,Sunday,11:30,Tech Support,26,26,25,0,490.6,12,96.2
2026-02-08,Sunday,12:00,Tech Support,19,19,19,0,528.5,11,100.0
2026-02-08,Sunday,12:30,Tech Support,26,26,25,0,462.5,11,96.2
2026-02-08,Sunday,13:00,Tech Support,19,19,18,0,497.6,10,94.7
2026-02-08,Sunday,13:30,Tech Support,15,15,15,0,505.4,11,100.0
2026-02-08,Sunday,14:00,Tech Support,22,22,22,0,460.9,11,100.0
2026-02-08,Sunday,14:30,Tech Support,19,19,19,0,409.2,10,100.0
2026-02-08,Sunday,15:00,Tech Support,13,13,13,0,485.3,12,100.0
2026-02-08,Sunday,15:30,Tech Support,14,14,13,0,503.5,9,92.9
2026-02-08,Sunday,16:00,Tech Support,23,23,23,0,519.2,10,100.0
2026-02-08,Sunday,16:30,Tech Support,20,20,20,0,530.0,9,100.0
2026-02-08,Sunday,17:00,Tech Support,14,14,13,0,516.1,12,92.9
2026-02-08,Sunday,17:30,Tech Support,26,26,26,0,499.1,11,100.0
2026-02-08,Sunday,18:00,Tech Support,18,18,18,0,512.2,10,100.0
2026-02-08,Sunday,18:30,Tech Support,21,21,21,0,515.3,10,100.0
2026-02-08,Sunday,19:00,Tech Support,23,22,21,1,474.0,13,91.3
2026-02-08,Sunday,19:30,Tech Support,12,12,12,0,454.7,10,100.0
2026-02-08,Sunday,20:00,Tech Support,19,19,19,0,524.7,11,100.0
2026-02-08,Sunday,20:30,Tech Support,19,19,19,0,533.7,12,100.0
2026-02-08,Sunday,21:00,Tech Support,20,20,20,0,418.1,11,100.0
2026-02-08,Sunday,21:30,Tech Support,22,22,21,0,452.2,10,95.5
2026-02-09,Monday,08:00,Billing,64,55,36,9,368.2,10,56.2
2026-02-09,Monday,08:30,Billing,64,62,57,2,360.3,14,89.1
2026-02-09,Monday,09:00,Billing,72,63,44,9,321.1,10,61.1
2026-02-09,Monday,09:30,Billing,76,63,37,13,353.8,11,48.7
2026-02-09,Monday,10:00,Billing,89,82,66,7,309.7,14,74.2
2026-02-09,Monday,10:30,Billing,98,84,53,14,387.2,16,54.1
2026-02-09,Monday,11:00,Billing,84,79,68,5,336.8,16,81.0
2026-02-09,Monday,11:30,Billing,88,70,34,18,439.4,14,38.6
2026-02-09,Monday,12:00,Billing,84,78,63,6,359.7,16,75.0
2026-02-09,Monday,12:30,Billing,107,91,56,16,335.7,14,52.3
2026-02-09,Monday,13:00,Billing,65,56,36,9,332.2,10,55.4
2026-02-09,Monday,13:30,Billing,53,53,53,0,320.9,13,100.0
2026-02-09,Monday,14:00,Billing,71,64,48,7,347.6,12,67.6
2026-02-09,Monday,14:30,Billing,66,60,45,6,330.8,11,68.2
2026-02-09,Monday,15:00,Billing,68,62,47,6,306.0,11,69.1
2026-02-09,Monday,15:30,Billing,61,58,51,3,345.4,13,83.6
2026-02-09,Monday,16:00,Billing,64,63,62,1,316.7,15,96.9
2026-02-09,Monday,16:30,Billing,85,65,27,20,354.1,10,31.8
2026-02-09,Monday,17:00,Billing,74,70,61,4,329.0,14,82.4
2026-02-09,Monday,17:30,Billing,80,72,55,8,364.8,15,68.8
2026-02-09,Monday,18:00,Billing,81,71,50,10,336.3,12,61.7
2026-02-09,Monday,18:30,Billing,76,71,59,5,335.6,14,77.6
2026-02-09,Monday,19:00,Billing,78,71,55,7,357.7,14,70.5
2026-02-09,Monday,19:30,Billing,72,68,57,4,314.8,13,79.2
2026-02-09,Monday,20:00,Billing,72,59,32,13,256.6,7,44.4
2026-02-09,Monday,20:30,Billing,66,62,52,4,295.8,12,78.8
2026-02-09,Monday,21:00,Billing,71,64,48,7,322.1,11,67.6
2026-02-09,Monday,21:30,Billing,70,59,36,11,331.3,10,51.4
2026-02-09,Monday,08:00,Tech Support,30,27,21,3,468.2,7,70.0
2026-02-09,Monday,08:30,Tech Support,42,40,35,2,459.7,11,83.3
2026-02-09,Monday,09:00,Tech Support,45,41,31,4,499.4,11,68.9
2026-02-09,Monday,09:30,Tech Support,47,44,38,3,463.0,12,80.9
2026-02-09,Monday,10:00,Tech Support,58,52,38,6,502.5,13,65.5
2026-02-09,Monday,10:30,Tech Support,53,45,29,8,512.6,12,54.7
2026-02-09,Monday,11:00,Tech Support,70,61,42,9,437.7,13,60.0
2026-02-09,Monday,11:30,Tech Support,77,66,43,11,391.2,12,55.8
2026-02-09,Monday,12:00,Tech Support,52,48,38,4,482.5,12,73.1
2026-02-09,Monday,12:30,Tech Support,57,48,29,9,447.5,10,50.9
2026-02-09,Monday,13:00,Tech Support,33,31,27,2,463.4,9,81.8
2026-02-09,Monday,13:30,Tech Support,35,34,31,1,485.4,11,88.6
2026-02-09,Monday,14:00,Tech Support,36,30,17,6,554.2,8,47.2
2026-02-09,Monday,14:30,Tech Support,52,45,31,7,466.1,10,59.6
2026-02-09,Monday,15:00,Tech Support,42,37,25,5,498.2,9,59.5
2026-02-09,Monday,15:30,Tech Support,42,37,27,5,441.9,9,64.3
2026-02-09,Monday,16:00,Tech Support,34,34,33,0,462.2,11,97.1
2026-02-09,Monday,16:30,Tech Support,44,42,37,2,471.8,13,84.1
2026-02-09,Monday,17:00,Tech Support,47,44,36,3,428.1,11,76.6
2026-02-09,Monday,17:30,Tech Support,45,39,25,6,563.9,11,55.6
2026-02-09,Monday,18:00,Tech Support,37,35,31,2,484.1,12,83.8
2026-02-09,Monday,18:30,Tech Support,45,40,30,5,484.9,10,66.7
2026-02-09,Monday,19:00,Tech Support,40,33,19,7,503.4,8,47.5
2026-02-09,Monday,19:30,Tech Support,36,31,20,5,509.4,8,55.6
2026-02-09,Monday,20:00,Tech Support,50,38,15,12,495.1,8,30.0
2026-02-09,Monday,20:30,Tech Support,34,33,30,1,447.9,10,88.2
2026-02-09,Monday,21:00,Tech Support,40,39,36,1,456.3,12,90.0
2026-02-09,Monday,21:30,Tech Support,28,27,25,1,557.6,10,89.3
2026-02-10,Tuesday,08:00,Billing,68,64,54,4,322.9,13,79.4
2026-02-10,Tuesday,08:30,Billing,70,62,45,8,332.6,12,64.3
2026-02-10,Tuesday,09:00,Billing,74,67,52,7,391.1,14,70.3
2026-02-10,Tuesday,09:30,Billing,75,65,44,10,372.7,12,58.7
2026-02-10,Tuesday,10:00,Billing,82,74,56,8,318.5,12,68.3
2026-02-10,Tuesday,10:30,Billing,67,66,64,1,315.6,15,95.5
2026-02-10,Tuesday,11:00,Billing,84,75,54,9,302.6,12,64.3
2026-02-10,Tuesday,11:30,Billing,88,84,74,4,312.2,15,84.1
2026-02-10,Tuesday,12:00,Billing,86,77,56,9,321.8,14,65.1
2026-02-10,Tuesday,12:30,Billing,63,57,42,6,327.8,10,66.7
2026-02-10,Tuesday,13:00,Billing,69,64,51,5,371.1,14,73.9
2026-02-10,Tuesday,13:30,Billing,49,49,48,0,331.7,12,98.0
2026-02-10,Tuesday,14:00,Billing,55,55,55,0,282.3,14,100.0
2026-02-10,Tuesday,14:30,Billing,50,50,50,0,294.7,11,100.0
2026-02-10,Tuesday,15:00,Billing,61,55,41,6,372.1,12,67.2
2026-02-10,Tuesday,15:30,Billing,47,46,43,1,325.3,11,91.5
2026-02-10,Tuesday,16:00,Billing,58,53,42,5,395.6,12,72.4
2026-02-10,Tuesday,16:30,Billing,61,52,34,9,391.6,10,55.7
2026-02-10,Tuesday,17:00,Billing,48,47,46,1,387.5,16,95.8
2026-02-10,Tuesday,17:30,Billing,71,68,60,3,307.9,13,84.5
2026-02-10,Tuesday,18:00,Billing,60,57,50,3,313.8,12,83.3
2026-02-10,Tuesday,18:30,Billing,65,59,45,6,364.3,12,69.2
2026-02-10,Tuesday,19:00,Billing,62,59,53,3,331.1,12,85.5
2026-02-10,Tuesday,19:30,Billing,49,49,49,0,330.9,11,100.0
2026-02-10,Tuesday,20:00,Billing,73,65,48,8,379.4,14,65.8
2026-02-10,Tuesday,20:30,Billing,48,45,39,3,421.5,11,81.2
2026-02-10,Tuesday,21:00,Billing,65,60,49,5,325.8,12,75.4
2026-02-10,Tuesday,21:30,Billing,61,58,51,3,324.8,12,83.6
2026-02-10,Tuesday,08:00,Tech Support,29,29,28,0,430.9,9,96.6
2026-02-10,Tuesday,08:30,Tech Support,27,27,27,0,542.1,11,100.0
2026-02-10,Tuesday,09:00,Tech Support,34,34,34,0,442.4,11,100.0
2026-02-10,Tuesday,09:30,Tech Support,35,33,29,2,494.3,11,82.9
2026-02-10,Tuesday,10:00,Tech Support,64,50,23,14,492.1,11,35.9
2026-02-10,Tuesday,10:30,Tech Support,39,39,38,0,372.1,16,97.4
2026-02-10,Tuesday,11:00,Tech Support,44,42,38,2,496.3,14,86.4
2026-02-10,Tuesday,11:30,Tech Support,54,44,24,10,530.1,11,44.4
2026-02-10,Tuesday,12:00,Tech Support,66,53,26,13,465.6,11,39.4
2026-02-10,Tuesday,12:30,Tech Support,42,40,36,2,488.1,12,85.7
2026-02-10,Tuesday,13:00,Tech Support,38,37,34,1,458.2,11,89.5
2026-02-10,Tuesday,13:30,Tech Support,29,29,29,0,475.8,12,100.0
2026-02-10,Tuesday,14:00,Tech Support,33,31,27,2,450.8,9,81.8
2026-02-10,Tuesday,14:30,Tech Support,41,37,29,4,430.5,9,70.7
2026-02-10,Tuesday,15:00,Tech Support,27,27,26,0,469.2,9,96.3
2026-02-10,Tuesday,15:30,Tech Support,26,26,25,0,471.5,11,96.2
2026-02-10,Tuesday,16:00,Tech Support,33,30,23,3,465.4,8,69.7
2026-02-10,Tuesday,16:30,Tech Support,43,42,40,1,470.1,14,93.0
2026-02-10,Tuesday,17:00,Tech Support,40,39,35,1,495.0,13,87.5
2026-02-10,Tuesday,17:30,Tech Support,44,37,23,7,483.6,9,52.3
2026-02-10,Tuesday,18:00,Tech Support,30,29,27,1,462.2,12,90.0
2026-02-10,Tuesday,18:30,Tech Support,40,40,40,0,465.1,14,100.0
2026-02-10,Tuesday,19:00,Tech Support,41,39,34,2,448.0,12,82.9
2026-02-10,Tuesday,19:30,Tech Support,29,28,27,1,489.0,10,93.1
2026-02-10,Tuesday,20:00,Tech Support,38,35,29,3,491.4,11,76.3
2026-02-10,Tuesday,20:30,Tech Support,28,28,27,0,502.1,12,96.4
2026-02-10,Tuesday,21:00,Tech Support,28,27,25,1,491.5,9,89.3
2026-02-10,Tuesday,21:30,Tech Support,27,27,27,0,460.3,9,100.0
2026-02-11,Wednesday,08:00,Billing,50,49,47,1,289.7,14,94.0
2026-02-11,Wednesday,08:30,Billing,67,63,54,4,309.2,12,80.6
2026-02-11,Wednesday,09:00,Billing,55,51,43,4,368.6,12,78.2
2026-02-11,Wednesday,09:30,Billing,75,65,44,10,340.7,11,58.7
2026-02-11,Wednesday,10:00,Billing,58,58,58,0,340.5,15,100.0
2026-02-11,Wednesday,10:30,Billing,80,67,40,13,391.9,13,50.0
2026-02-11,Wednesday,11:00,Billing,79,75,65,4,284.9,12,82.3
2026-02-11,Wednesday,11:30,Billing,64,62,57,2,322.8,15,89.1
2026-02-11,Wednesday,12:00,Billing,69,68,66,1,250.5,14,95.7
2026-02-11,Wednesday,12:30,Billing,67,63,53,4,295.1,11,79.1
2026-02-11,Wednesday,13:00,Billing,55,53,48,2,332.2,12,87.3
2026-02-11,Wednesday,13:30,Billing,45,45,45,0,301.7,12,100.0
2026-02-11,Wednesday,14:00,Billing,46,45,42,1,341.6,12,91.3
2026-02-11,Wednesday,14:30,Billing,58,56,51,2,339.3,12,87.9
2026-02-11,Wednesday,15:00,Billing,52,46,32,6,359.0,9,61.5
2026-02-11,Wednesday,15:30,Billing,45,45,45,0,315.4,13,100.0
2026-02-11,Wednesday,16:00,Billing,62,62,62,0,325.8,14,100.0
2026-02-11,Wednesday,16:30,Billing,61,56,44,5,376.7,12,72.1
2026-02-11,Wednesday,17:00,Billing,50,49,48,1,323.9,11,96.0
2026-02-11,Wednesday,17:30,Billing,61,59,55,2,273.0,16,90.2
2026-02-11,Wednesday,18:00,Billing,74,65,46,9,375.8,13,62.2
2026-02-11,Wednesday,18:30,Billing,61,59,55,2,369.6,14,90.2
2026-02-11,Wednesday,19:00,Billing,56,54,49,2,317.1,12,87.5
2026-02-11,Wednesday,19:30,Billing,50,48,44,2,347.5,11,88.0
2026-02-11,Wednesday,20:00,Billing,50,49,48,1,241.5,10,96.0
2026-02-11,Wednesday,20:30,Billing,45,45,45,0,286.5,12,100.0
2026-02-11,Wednesday,21:00,Billing,61,57,48,4,318.2,11,78.7
2026-02-11,Wednesday,21:30,Billing,49,49,48,0,273.8,13,98.0
2026-02-11,Wednesday,08:00,Tech Support,25,25,24,0,472.7,10,96.0
2026-02-11,Wednesday,08:30,Tech Support,33,31,25,2,491.2,9,75.8
2026-02-11,Wednesday,09:00,Tech Support,32,31,29,1,469.9,14,90.6
2026-02-11,Wednesday,09:30,Tech Support,36,35,32,1,502.9,12,88.9
2026-02-11,Wednesday,10:00,Tech Support,39,38,34,1,442.3,12,87.2
2026-02-11,Wednesday,10:30,Tech Support,37,36,33,1,477.3,12,89.2
2026-02-11,Wednesday,11:00,Tech Support,51,41,22,10,467.4,9,43.1
2026-02-11,Wednesday,11:30,Tech Support,38,35,29,3,532.4,11,76.3
2026-02-11,Wednesday,12:00,Tech Support,41,39,34,2,431.9,10,82.9
2026-02-11,Wednesday,12:30,Tech Support,40,38,33,2,464.9,12,82.5
2026-02-11,Wednesday,13:00,Tech Support,40,38,32,2,487.9,11,80.0
2026-02-11,Wednesday,13:30,Tech Support,35,33,27,2,486.4,9,77.1
2026-02-11,Wednesday,14:00,Tech Support,30,30,29,0,468.6,11,96.7
2026-02-11,Wednesday,14:30,Tech Support,25,24,22,1,517.0,10,88.0
2026-02-11,Wednesday,15:00,Tech Support,28,27,25,1,449.4,8,89.3
2026-02-11,Wednesday,15:30,Tech Support,36,35,34,1,484.2,12,94.4
2026-02-11,Wednesday,16:00,Tech Support,26,26,26,0,432.6,11,100.0
2026-02-11,Wednesday,16:30,Tech Support,33,33,32,0,415.6,11,97.0
2026-02-11,Wednesday,17:00,Tech Support,29,29,28,0,523.7,11,96.6
2026-02-11,Wednesday,17:30,Tech Support,26,25,22,1,496.5,8,84.6
2026-02-11,Wednesday,18:00,Tech Support,28,28,27,0,510.9,12,96.4
2026-02-11,Wednesday,18:30,Tech Support,41,35,23,6,552.7,10,56.1
2026-02-11,Wednesday,19:00,Tech Support,37,35,31,2,471.5,10,83.8
2026-02-11,Wednesday,19:30,Tech Support,36,36,35,0,437.2,12,97.2
2026-02-11,Wednesday,20:00,Tech Support,46,37,19,9,440.9,8,41.3
2026-02-11,Wednesday,20:30,Tech Support,33,33,32,0,463.8,12,97.0
2026-02-11,Wednesday,21:00,Tech Support,28,28,28,0,471.7,10,100.0
2026-02-11,Wednesday,21:30,Tech Support,21,21,21,0,493.0,9,100.0
2026-02-12,Thursday,08:00,Billing,71,66,54,5,342.0,13,76.1
2026-02-12,Thursday,08:30,Billing,55,53,47,2,336.0,11,85.5
2026-02-12,Thursday,09:00,Billing,62,61,60,1,325.9,15,96.8
2026-02-12,Thursday,09:30,Billing,66,62,52,4,326.6,12,78.8
2026-02-12,Thursday,10:00,Billing,69,66,58,3,355.5,14,84.1
2026-02-12,Thursday,10:30,Billing,82,76,61,6,326.5,15,74.4
2026-02-12,Thursday,11:00,Billing,87,76,53,11,375.0,15,60.9
2026-02-12,Thursday,11:30,Billing,68,67,63,1,368.0,16,92.6
2026-02-12,Thursday,12:00,Billing,63,62,59,1,333.8,15,93.7
2026-02-12,Thursday,12:30,Billing,72,72,71,0,298.8,16,98.6
2026-02-12,Thursday,13:00,Billing,53,53,53,0,382.1,15,100.0
2026-02-12,Thursday,13:30,Billing,61,58,50,3,348.9,13,82.0
2026-02-12,Thursday,14:00,Billing,59,56,49,3,322.8,11,83.1
2026-02-12,Thursday,14:30,Billing,46,44,40,2,370.2,11,87.0
2026-02-12,Thursday,15:00,Billing,44,43,39,1,359.9,11,88.6
2026-02-12,Thursday,15:30,Billing,52,51,48,1,336.6,12,92.3
2026-02-12,Thursday,16:00,Billing,62,57,45,5,345.8,10,72.6
2026-02-12,Thursday,16:30,Billing,63,58,47,5,349.8,12,74.6
2026-02-12,Thursday,17:00,Billing,54,51,44,3,345.4,10,81.5
2026-02-12,Thursday,17:30,Billing,56,56,56,0,269.2,12,100.0
2026-02-12,Thursday,18:00,Billing,72,66,51,6,366.3,14,70.8
2026-02-12,Thursday,18:30,Billing,54,54,53,0,287.6,11,98.1
2026-02-12,Thursday,19:00,Billing,57,55,50,2,306.5,12,87.7
2026-02-12,Thursday,19:30,Billing,58,55,48,3,350.2,13,82.8
2026-02-12,Thursday,20:00,Billing,51,51,50,0,295.7,13,98.0
2026-02-12,Thursday,20:30,Billing,51,51,50,0,314.9,12,98.0
2026-02-12,Thursday,21:00,Billing,48,47,44,1,373.5,13,91.7
2026-02-12,Thursday,21:30,Billing,45,44,41,1,289.5,9,91.1
2026-02-12,Thursday,08:00,Tech Support,29,29,29,0,486.2,12,100.0
2026-02-12,Thursday,08:30,Tech Support,38,37,34,1,494.9,13,89.5
2026-02-12,Thursday,09:00,Tech Support,40,37,29,3,497.0,11,72.5
2026-02-12,Thursday,09:30,Tech Support,36,36,35,0,436.4,12,97.2
2026-02-12,Thursday,10:00,Tech Support,48,44,34,4,489.2,12,70.8
2026-02-12,Thursday,10:30,Tech Support,48,44,34,4,443.8,11,70.8
2026-02-12,Thursday,11:00,Tech Support,40,39,37,1,465.3,13,92.5
2026-02-12,Thursday,11:30,Tech Support,44,43,41,1,471.8,13,93.2
2026-02-12,Thursday,12:00,Tech Support,50,45,35,5,478.3,12,70.0
2026-02-12,Thursday,12:30,Tech Support,33,32,29,1,487.2,11,87.9
2026-02-12,Thursday,13:00,Tech Support,30,30,29,0,459.6,10,96.7
2026-02-12,Thursday,13:30,Tech Support,29,29,29,0,530.7,11,100.0
2026-02-12,Thursday,14:00,Tech Support,22,22,22,0,452.1,11,100.0
2026-02-12,Thursday,14:30,Tech Support,37,36,33,1,459.1,12,89.2
2026-02-12,Thursday,15:00,Tech Support,24,24,23,0,424.7,9,95.8
2026-02-12,Thursday,15:30,Tech Support,26,26,25,0,561.4,10,96.2
2026-02-12,Thursday,16:00,Tech Support,20,19,17,1,546.9,7,85.0
2026-02-12,Thursday,16:30,Tech Support,30,29,27,1,457.7,9,90.0
2026-02-12,Thursday,17:00,Tech Support,40,35,25,5,533.0,10,62.5
2026-02-12,Thursday,17:30,Tech Support,24,24,24,0,525.8,15,100.0
2026-02-12,Thursday,18:00,Tech Support,39,38,37,1,488.7,13,94.9
2026-02-12,Thursday,18:30,Tech Support,39,36,30,3,426.0,9,76.9
2026-02-12,Thursday,19:00,Tech Support,29,28,27,1,484.8,11,93.1
2026-02-12,Thursday,19:30,Tech Support,40,35,24,5,495.4,9,60.0
2026-02-12,Thursday,20:00,Tech Support,21,21,20,0,452.1,9,95.2
2026-02-12,Thursday,20:30,Tech Support,33,32,30,1,475.2,11,90.9
2026-02-12,Thursday,21:00,Tech Support,29,27,23,2,516.9,9,79.3
2026-02-12,Thursday,21:30,Tech Support,30,29,27,1,498.5,10,90.0
2026-02-13,Friday,08:00,Billing,40,40,39,0,272.4,13,97.5
2026-02-13,Friday,08:30,Billing,51,51,51,0,269.6,14,100.0
2026-02-13,Friday,09:00,Billing,62,61,58,1,270.4,12,93.5
2026-02-13,Friday,09:30,Billing,60,57,49,3,329.3,12,81.7
2026-02-13,Friday,10:00,Billing,80,72,54,8,330.3,14,67.5
2026-02-13,Friday,10:30,Billing,76,66,45,10,419.3,14,59.2
2026-02-13,Friday,11:00,Billing,75,70,59,5,327.6,13,78.7
2026-02-13,Friday,11:30,Billing,76,71,58,5,313.4,14,76.3
2026-02-13,Friday,12:00,Billing,71,70,68,1,287.5,16,95.8
2026-02-13,Friday,12:30,Billing,61,58,50,3,354.3,13,82.0
2026-02-13,Friday,13:00,Billing,55,52,45,3,336.7,11,81.8
2026-02-13,Friday,13:30,Billing,58,54,45,4,367.6,11,77.6
2026-02-13,Friday,14:00,Billing,46,46,45,0,291.2,10,97.8
2026-02-13,Friday,14:30,Billing,41,41,40,0,306.2,10,97.6
2026-02-13,Friday,15:00,Billing,48,47,45,1,364.5,12,93.8
2026-02-13,Friday,15:30,Billing,52,51,49,1,343.7,12,94.2
2026-02-13,Friday,16:00,Billing,49,48,45,1,366.1,12,91.8
2026-02-13,Friday,16:30,Billing,64,64,64,0,316.8,15,100.0
2026-02-13,Friday,17:00,Billing,66,63,55,3,276.1,11,83.3
2026-02-13,Friday,17:30,Billing,63,63,63,0,272.5,15,100.0
2026-02-13,Friday,18:00,Billing,56,55,53,1,332.5,16,94.6
2026-02-13,Friday,18:30,Billing,61,56,44,5,371.1,12,72.1
2026-02-13,Friday,19:00,Billing,53,50,44,3,368.6,11,83.0
2026-02-13,Friday,19:30,Billing,56,54,49,2,341.2,12,87.5
2026-02-13,Friday,20:00,Billing,42,41,38,1,321.6,12,90.5
2026-02-13,Friday,20:30,Billing,46,46,45,0,317.8,12,97.8
2026-02-13,Friday,21:00,Billing,48,48,47,0,302.6,12,97.9
2026-02-13,Friday,21:30,Billing,58,56,51,2,339.2,11,87.9
2026-02-13,Friday,08:00,Tech Support,26,25,24,1,470.2,9,92.3
2026-02-13,Friday,08:30,Tech Support,38,35,29,3,460.1,10,76.3
2026-02-13,Friday,09:00,Tech Support,37,35,31,2,534.6,12,83.8
2026-02-13,Friday,09:30,Tech Support,31,31,31,0,482.2,11,100.0
2026-02-13,Friday,10:00,Tech Support,40,37,31,3,500.6,11,77.5
2026-02-13,Friday,10:30,Tech Support,53,44,24,9,499.8,10,45.3
2026-02-13,Friday,11:00,Tech Support,47,42,32,5,485.5,12,68.1
2026-02-13,Friday,11:30,Tech Support,44,43,40,1,452.3,13,90.9
2026-02-13,Friday,12:00,Tech Support,30,30,30,0,485.6,12,100.0
2026-02-13,Friday,12:30,Tech Support,46,40,27,6,482.0,10,58.7
2026-02-13,Friday,13:00,Tech Support,32,32,32,0,417.7,12,100.0
2026-02-13,Friday,13:30,Tech Support,22,22,22,0,466.0,10,100.0
2026-02-13,Friday,14:00,Tech Support,36,34,28,2,469.5,10,77.8
2026-02-13,Friday,14:30,Tech Support,27,27,26,0,465.2,10,96.3
2026-02-13,Friday,15:00,Tech Support,41,34,19,7,482.1,8,46.3
2026-02-13,Friday,15:30,Tech Support,26,26,26,0,457.9,12,100.0
2026-02-13,Friday,16:00,Tech Support,32,31,28,1,387.1,8,87.5
2026-02-13,Friday,16:30,Tech Support,25,25,25,0,478.1,9,100.0
2026-02-13,Friday,17:00,Tech Support,31,31,30,0,517.3,11,96.8
2026-02-13,Friday,17:30,Tech Support,45,37,22,8,498.9,9,48.9
2026-02-13,Friday,18:00,Tech Support,33,32,29,1,497.1,12,87.9
2026-02-13,Friday,18:30,Tech Support,34,30,21,4,523.6,8,61.8
2026-02-13,Friday,19:00,Tech Support,27,26,25,1,491.1,11,92.6
2026-02-13,Friday,19:30,Tech Support,27,27,27,0,497.3,12,100.0
2026-02-13,Friday,20:00,Tech Support,21,20,18,1,571.4,13,85.7
2026-02-13,Friday,20:30,Tech Support,27,26,25,1,470.7,11,92.6
2026-02-13,Friday,21:00,Tech Support,35,34,32,1,447.3,12,91.4
2026-02-13,Friday,21:30,Tech Support,26,24,20,2,555.0,9,76.9
2026-02-14,Saturday,08:00,Billing,30,29,28,1,379.2,12,93.3
2026-02-14,Saturday,08:30,Billing,33,32,30,1,307.0,12,90.9
2026-02-14,Saturday,09:00,Billing,34,33,31,1,355.6,12,91.2
2026-02-14,Saturday,09:30,Billing,55,53,48,2,332.5,12,87.3
2026-02-14,Saturday,10:00,Billing,57,57,57,0,302.7,14,100.0
2026-02-14,Saturday,10:30,Billing,56,54,50,2,328.7,12,89.3
2026-02-14,Saturday,11:00,Billing,61,61,61,0,288.5,15,100.0
2026-02-14,Saturday,11:30,Billing,51,50,48,1,374.8,13,94.1
2026-02-14,Saturday,12:00,Billing,54,52,48,2,303.0,11,88.9
2026-02-14,Saturday,12:30,Billing,40,40,40,0,344.1,14,100.0
2026-02-14,Saturday,13:00,Billing,53,51,47,2,333.6,12,88.7
2026-02-14,Saturday,13:30,Billing,35,35,34,0,324.9,11,97.1
2026-02-14,Saturday,14:00,Billing,39,39,38,0,259.7,13,97.4
2026-02-14,Saturday,14:30,Billing,43,43,42,0,281.1,13,97.7
2026-02-14,Saturday,15:00,Billing,26,26,25,0,315.8,11,96.2
2026-02-14,Saturday,15:30,Billing,38,38,37,0,265.0,14,97.4
2026-02-14,Saturday,16:00,Billing,40,39,37,1,357.0,10,92.5
2026-02-14,Saturday,16:30,Billing,47,47,46,0,291.4,11,97.9
2026-02-14,Saturday,17:00,Billing,36,36,36,0,302.5,13,100.0
2026-02-14,Saturday,17:30,Billing,41,41,41,0,296.7,11,100.0
2026-02-14,Saturday,18:00,Billing,40,39,36,1,376.3,14,90.0
2026-02-14,Saturday,18:30,Billing,38,38,38,0,320.0,15,100.0
2026-02-14,Saturday,19:00,Billing,45,45,45,0,347.2,11,100.0
2026-02-14,Saturday,19:30,Billing,42,42,41,0,358.2,16,97.6
2026-02-14,Saturday,20:00,Billing,31,31,30,0,333.0,10,96.8
2026-02-14,Saturday,20:30,Billing,31,31,31,0,267.2,11,100.0
2026-02-14,Saturday,21:00,Billing,34,33,31,1,300.8,10,91.2
2026-02-14,Saturday,21:30,Billing,25,25,24,0,334.1,10,96.0
2026-02-14,Saturday,08:00,Tech Support,24,24,23,0,461.5,8,95.8
2026-02-14,Saturday,08:30,Tech Support,18,17,16,1,458.7,10,88.9
2026-02-14,Saturday,09:00,Tech Support,25,25,24,0,447.3,10,96.0
2026-02-14,Saturday,09:30,Tech Support,23,23,23,0,462.8,13,100.0
2026-02-14,Saturday,10:00,Tech Support,32,32,31,0,459.1,14,96.9
2026-02-14,Saturday,10:30,Tech Support,31,31,31,0,523.1,12,100.0
2026-02-14,Saturday,11:00,Tech Support,39,37,32,2,503.1,11,82.1
2026-02-14,Saturday,11:30,Tech Support,32,32,31,0,477.5,11,96.9
2026-02-14,Saturday,12:00,Tech Support,20,20,20,0,498.7,12,100.0
2026-02-14,Saturday,12:30,Tech Support,27,26,25,1,491.7,11,92.6
2026-02-14,Saturday,13:00,Tech Support,26,25,23,1,472.0,13,88.5
2026-02-14,Saturday,13:30,Tech Support,32,30,25,2,487.4,9,78.1
2026-02-14,Saturday,14:00,Tech Support,23,23,22,0,406.0,11,95.7
2026-02-14,Saturday,14:30,Tech Support,20,20,20,0,507.7,12,100.0
2026-02-14,Saturday,15:00,Tech Support,22,22,22,0,454.9,11,100.0
2026-02-14,Saturday,15:30,Tech Support,25,25,24,0,556.7,9,96.0
2026-02-14,Saturday,16:00,Tech Support,24,24,23,0,437.1,10,95.8
2026-02-14,Saturday,16:30,Tech Support,21,21,20,0,493.3,12,95.2
2026-02-14,Saturday,17:00,Tech Support,20,20,19,0,478.6,10,95.0
2026-02-14,Saturday,17:30,Tech Support,32,31,29,1,529.9,11,90.6
2026-02-14,Saturday,18:00,Tech Support,20,20,20,0,492.9,14,100.0
2026-02-14,Saturday,18:30,Tech Support,30,29,27,1,499.2,12,90.0
2026-02-14,Saturday,19:00,Tech Support,25,25,24,0,466.3,13,96.0
2026-02-14,Saturday,19:30,Tech Support,22,22,22,0,511.8,11,100.0
2026-02-14,Saturday,20:00,Tech Support,22,21,20,1,438.5,10,90.9
2026-02-14,Saturday,20:30,Tech Support,18,18,18,0,486.5,10,100.0
2026-02-14,Saturday,21:00,Tech Support,16,15,14,1,486.4,10,87.5
2026-02-14,Saturday,21:30,Tech Support,22,22,21,0,499.7,8,95.5
2026-02-15,Sunday,08:00,Billing,41,41,41,0,280.8,10,100.0
2026-02-15,Sunday,08:30,Billing,34,34,34,0,361.7,14,100.0
2026-02-15,Sunday,09:00,Billing,32,32,32,0,322.8,12,100.0
2026-02-15,Sunday,09:30,Billing,38,38,38,0,351.0,15,100.0
2026-02-15,Sunday,10:00,Billing,34,33,32,1,265.7,15,94.1
2026-02-15,Sunday,10:30,Billing,34,34,33,0,298.5,12,97.1
2026-02-15,Sunday,11:00,Billing,35,34,32,1,373.4,16,91.4
2026-02-15,Sunday,11:30,Billing,38,38,37,0,326.6,14,97.4
2026-02-15,Sunday,12:00,Billing,40,39,37,1,371.4,13,92.5
2026-02-15,Sunday,12:30,Billing,34,34,34,0,269.7,13,100.0
2026-02-15,Sunday,13:00,Billing,29,29,29,0,255.4,13,100.0
2026-02-15,Sunday,13:30,Billing,24,24,24,0,336.0,11,100.0
2026-02-15,Sunday,14:00,Billing,24,24,24,0,299.6,12,100.0
2026-02-15,Sunday,14:30,Billing,20,20,19,0,393.3,13,95.0
2026-02-15,Sunday,15:00,Billing,20,20,20,0,280.7,12,100.0
2026-02-15,Sunday,15:30,Billing,26,25,24,1,335.5,12,92.3
2026-02-15,Sunday,16:00,Billing,31,30,29,1,323.7,15,93.5
2026-02-15,Sunday,16:30,Billing,29,28,27,1,352.2,12,93.1
2026-02-15,Sunday,17:00,Billing,38,37,36,1,349.3,13,94.7
2026-02-15,Sunday,17:30,Billing,41,41,41,0,353.8,12,100.0
2026-02-15,Sunday,18:00,Billing,27,26,25,1,340.4,13,92.6
2026-02-15,Sunday,18:30,Billing,30,29,27,1,312.2,14,90.0
2026-02-15,Sunday,19:00,Billing,30,30,30,0,287.9,12,100.0
2026-02-15,Sunday,19:30,Billing,35,34,33,1,327.6,15,94.3
2026-02-15,Sunday,20:00,Billing,33,33,32,0,309.4,12,97.0
2026-02-15,Sunday,20:30,Billing,22,22,22,0,329.1,13,100.0
2026-02-15,Sunday,21:00,Billing,35,34,33,1,350.3,12,94.3
2026-02-15,Sunday,21:30,Billing,30,30,30,0,320.7,12,100.0
2026-02-15,Sunday,08:00,Tech Support,26,26,26,0,508.4,10,100.0
2026-02-15,Sunday,08:30,Tech Support,15,15,14,0,424.1,13,93.3
2026-02-15,Sunday,09:00,Tech Support,16,16,16,0,475.9,10,100.0
2026-02-15,Sunday,09:30,Tech Support,23,23,23,0,529.3,12,100.0
2026-02-15,Sunday,10:00,Tech Support,17,17,17,0,495.0,11,100.0
2026-02-15,Sunday,10:30,Tech Support,21,21,21,0,494.4,14,100.0
2026-02-15,Sunday,11:00,Tech Support,24,24,23,0,440.7,12,95.8
2026-02-15,Sunday,11:30,Tech Support,24,24,24,0,498.5,15,100.0
2026-02-15,Sunday,12:00,Tech Support,38,36,32,2,483.7,12,84.2
2026-02-15,Sunday,12:30,Tech Support,25,24,23,1,518.2,11,92.0
2026-02-15,Sunday,13:00,Tech Support,14,14,14,0,482.6,11,100.0
2026-02-15,Sunday,13:30,Tech Support,13,13,13,0,489.0,9,100.0
2026-02-15,Sunday,14:00,Tech Support,20,20,20,0,470.5,11,100.0
2026-02-15,Sunday,14:30,Tech Support,18,18,18,0,522.1,12,100.0
2026-02-15,Sunday,15:00,Tech Support,21,21,21,0,526.9,9,100.0
2026-02-15,Sunday,15:30,Tech Support,14,14,14,0,473.8,9,100.0
2026-02-15,Sunday,16:00,Tech Support,15,15,15,0,429.6,11,100.0
2026-02-15,Sunday,16:30,Tech Support,22,22,22,0,443.9,11,100.0
2026-02-15,Sunday,17:00,Tech Support,16,16,16,0,476.9,12,100.0
2026-02-15,Sunday,17:30,Tech Support,25,25,25,0,486.8,10,100.0
2026-02-15,Sunday,18:00,Tech Support,16,16,16,0,420.8,14,100.0
2026-02-15,Sunday,18:30,Tech Support,11,11,11,0,510.0,10,100.0
2026-02-15,Sunday,19:00,Tech Support,19,19,18,0,554.1,11,94.7
2026-02-15,Sunday,19:30,Tech Support,16,16,16,0,411.6,10,100.0
2026-02-15,Sunday,20:00,Tech Support,18,18,17,0,472.3,9,94.4
2026-02-15,Sunday,20:30,Tech Support,17,17,17,0,455.5,10,100.0
2026-02-15,Sunday,21:00,Tech Support,13,13,13,0,500.3,11,100.0
2026-02-15,Sunday,21:30,Tech Support,21,21,20,0,532.4,10,95.2
2026-02-16,Monday,08:00,Billing,65,62,54,3,377.2,15,83.1
2026-02-16,Monday,08:30,Billing,66,62,54,4,321.3,11,81.8
2026-02-16,Monday,09:00,Billing,51,51,51,0,313.8,12,100.0
2026-02-16,Monday,09:30,Billing,67,66,65,1,285.2,13,97.0
2026-02-16,Monday,10:00,Billing,106,91,59,15,331.0,16,55.7
2026-02-16,Monday,10:30,Billing,94,77,43,17,362.4,13,45.7
2026-02-16,Monday,11:00,Billing,113,98,65,15,285.2,14,57.5
2026-02-16,Monday,11:30,Billing,102,95,78,7,264.0,14,76.5
2026-02-16,Monday,12:00,Billing,93,81,54,12,332.0,14,58.1
2026-02-16,Monday,12:30,Billing,76,67,47,9,306.2,11,61.8
2026-02-16,Monday,13:00,Billing,72,63,44,9,320.2,11,61.1
2026-02-16,Monday,13:30,Billing,57,51,38,6,313.0,9,66.7
2026-02-16,Monday,14:00,Billing,59,59,59,0,332.3,15,100.0
2026-02-16,Monday,14:30,Billing,53,51,45,2,309.6,11,84.9
2026-02-16,Monday,15:00,Billing,52,47,36,5,390.8,11,69.2
2026-02-16,Monday,15:30,Billing,50,50,49,0,298.3,12,98.0
2026-02-16,Monday,16:00,Billing,61,60,56,1,309.7,13,91.8
2026-02-16,Monday,16:30,Billing,72,68,59,4,308.6,14,81.9
2026-02-16,Monday,17:00,Billing,71,64,48,7,338.6,12,67.6
2026-02-16,Monday,17:30,Billing,82,76,63,6,341.6,14,76.8
2026-02-16,Monday,18:00,Billing,80,70,49,10,400.4,15,61.2
2026-02-16,Monday,18:30,Billing,77,73,63,4,330.1,14,81.8
2026-02-16,Monday,19:00,Billing,71,58,32,13,416.9,12,45.1
2026-02-16,Monday,19:30,Billing,75,69,54,6,327.3,13,72.0
2026-02-16,Monday,20:00,Billing,50,49,47,1,346.5,12,94.0
2026-02-16,Monday,20:30,Billing,55,54,51,1,278.9,9,92.7
2026-02-16,Monday,21:00,Billing,72,66,52,6,306.4,12,72.2
2026-02-16,Monday,21:30,Billing,50,48,44,2,376.4,13,88.0
2026-02-16,Monday,08:00,Tech Support,39,37,31,2,460.0,10,79.5
2026-02-16,Monday,08:30,Tech Support,41,37,29,4,457.1,10,70.7
2026-02-16,Monday,09:00,Tech Support,46,38,22,8,508.6,9,47.8
2026-02-16,Monday,09:30,Tech Support,55,51,42,4,470.5,14,76.4
2026-02-16,Monday,10:00,Tech Support,42,41,38,1,453.8,13,90.5
2026-02-16,Monday,10:30,Tech Support,62,51,28,11,472.2,11,45.2
2026-02-16,Monday,11:00,Tech Support,58,49,30,9,514.8,12,51.7
2026-02-16,Monday,11:30,Tech Support,64,52,27,12,516.2,12,42.2
2026-02-16,Monday,12:00,Tech Support,61,52,33,9,457.6,12,54.1
2026-02-16,Monday,12:30,Tech Support,44,43,41,1,425.8,14,93.2
2026-02-16,Monday,13:00,Tech Support,52,42,21,10,478.3,9,40.4
2026-02-16,Monday,13:30,Tech Support,38,34,24,4,489.6,9,63.2
2026-02-16,Monday,14:00,Tech Support,31,29,25,2,537.1,10,80.6
2026-02-16,Monday,14:30,Tech Support,27,27,26,0,481.8,11,96.3
2026-02-16,Monday,15:00,Tech Support,30,30,30,0,529.6,13,100.0
2026-02-16,Monday,15:30,Tech Support,36,33,26,3,480.1,9,72.2
2026-02-16,Monday,16:00,Tech Support,37,35,29,2,473.4,10,78.4
2026-02-16,Monday,16:30,Tech Support,51,49,43,2,418.0,13,84.3
2026-02-16,Monday,17:00,Tech Support,51,42,23,9,455.2,9,45.1
2026-02-16,Monday,17:30,Tech Support,46,42,32,4,459.6,12,69.6
2026-02-16,Monday,18:00,Tech Support,48,41,27,7,474.0,10,56.2
2026-02-16,Monday,18:30,Tech Support,51,42,23,9,517.0,10,45.1
2026-02-16,Monday,19:00,Tech Support,49,43,29,6,521.7,12,59.2
2026-02-16,Monday,19:30,Tech Support,32,29,22,3,438.1,7,68.8
2026-02-16,Monday,20:00,Tech Support,35,31,21,4,510.6,8,60.0
2026-02-16,Monday,20:30,Tech Support,30,28,23,2,472.6,9,76.7
2026-02-16,Monday,21:00,Tech Support,40,38,34,2,428.0,11,85.0
2026-02-16,Monday,21:30,Tech Support,45,37,21,8,498.8,9,46.7
2026-02-17,Tuesday,08:00,Billing,50,49,47,1,324.8,13,94.0
2026-02-17,Tuesday,08:30,Billing,68,66,61,2,276.1,13,89.7
2026-02-17,Tuesday,09:00,Billing,69,59,37,10,344.5,10,53.6
2026-02-17,Tuesday,09:30,Billing,68,67,64,1,249.0,11,94.1
2026-02-17,Tuesday,10:00,Billing,84,75,56,9,298.2,12,66.7
2026-02-17,Tuesday,10:30,Billing,89,80,60,9,323.5,15,67.4
2026-02-17,Tuesday,11:00,Billing,79,74,62,5,317.0,14,78.5
2026-02-17,Tuesday,11:30,Billing,88,76,50,12,368.0,14,56.8
2026-02-17,Tuesday,12:00,Billing,75,70,57,5,357.7,14,76.0
2026-02-17,Tuesday,12:30,Billing,64,61,53,3,365.6,14,82.8
2026-02-17,Tuesday,13:00,Billing,46,45,42,1,336.9,13,91.3
2026-02-17,Tuesday,13:30,Billing,65,61,51,4,315.0,12,78.5
2026-02-17,Tuesday,14:00,Billing,58,57,55,1,301.3,13,94.8
2026-02-17,Tuesday,14:30,Billing,56,54,50,2,289.0,10,89.3
2026-02-17,Tuesday,15:00,Billing,44,43,42,1,359.9,11,95.5
2026-02-17,Tuesday,15:30,Billing,65,50,20,15,413.9,9,30.8
2026-02-17,Tuesday,16:00,Billing,70,63,47,7,392.9,14,67.1
2026-02-17,Tuesday,16:30,Billing,55,54,53,1,302.6,15,96.4
2026-02-17,Tuesday,17:00,Billing,59,57,53,2,309.5,12,89.8
2026-02-17,Tuesday,17:30,Billing,85,74,51,11,313.1,12,60.0
2026-02-17,Tuesday,18:00,Billing,81,76,65,5,289.9,14,80.2
2026-02-17,Tuesday,18:30,Billing,73,65,46,8,374.8,12,63.0
2026-02-17,Tuesday,19:00,Billing,76,63,36,13,409.5,12,47.4
2026-02-17,Tuesday,19:30,Billing,64,62,57,2,272.7,11,89.1
2026-02-17,Tuesday,20:00,Billing,58,58,58,0,348.4,15,100.0
2026-02-17,Tuesday,20:30,Billing,64,57,41,7,348.9,11,64.1
2026-02-17,Tuesday,21:00,Billing,50,44,32,6,336.1,8,64.0
2026-02-17,Tuesday,21:30,Billing,52,49,41,3,386.9,12,78.8
2026-02-17,Tuesday,08:00,Tech Support,33,29,21,4,528.9,8,63.6
2026-02-17,Tuesday,08:30,Tech Support,33,32,29,1,406.6,9,87.9
2026-02-17,Tuesday,09:00,Tech Support,35,35,35,0,385.6,10,100.0
2026-02-17,Tuesday,09:30,Tech Support,40,37,30,3,493.6,11,75.0
2026-02-17,Tuesday,10:00,Tech Support,33,33,32,0,483.0,13,97.0
2026-02-17,Tuesday,10:30,Tech Support,43,41,35,2,484.4,13,81.4
2026-02-17,Tuesday,11:00,Tech Support,50,45,34,5,469.9,11,68.0
2026-02-17,Tuesday,11:30,Tech Support,43,43,42,0,458.5,15,97.7
2026-02-17,Tuesday,12:00,Tech Support,51,47,39,4,480.7,13,76.5
2026-02-17,Tuesday,12:30,Tech Support,42,40,36,2,483.0,13,85.7
2026-02-17,Tuesday,13:00,Tech Support,32,31,29,1,487.2,11,90.6
2026-02-17,Tuesday,13:30,Tech Support,33,33,33,0,476.4,13,100.0
2026-02-17,Tuesday,14:00,Tech Support,32,32,31,0,444.7,10,96.9
2026-02-17,Tuesday,14:30,Tech Support,24,24,23,0,452.5,9,95.8
2026-02-17,Tuesday,15:00,Tech Support,28,28,28,0,461.7,10,100.0
2026-02-17,Tuesday,15:30,Tech Support,29,29,28,0,435.5,12,96.6
2026-02-17,Tuesday,16:00,Tech Support,34,31,24,3,437.0,8,70.6
2026-02-17,Tuesday,16:30,Tech Support,35,33,29,2,425.8,9,82.9
2026-02-17,Tuesday,17:00,Tech Support,33,33,33,0,516.1,13,100.0
2026-02-17,Tuesday,17:30,Tech Support,42,38,28,4,504.4,10,66.7
2026-02-17,Tuesday,18:00,Tech Support,51,46,34,5,516.5,13,66.7
2026-02-17,Tuesday,18:30,Tech Support,36,36,36,0,427.3,13,100.0
2026-02-17,Tuesday,19:00,Tech Support,34,31,25,3,457.9,8,73.5
2026-02-17,Tuesday,19:30,Tech Support,33,33,32,0,487.2,11,97.0
2026-02-17,Tuesday,20:00,Tech Support,26,25,23,1,427.3,12,88.5
2026-02-17,Tuesday,20:30,Tech Support,38,37,35,1,461.5,12,92.1
2026-02-17,Tuesday,21:00,Tech Support,25,24,23,1,522.7,11,92.0
2026-02-17,Tuesday,21:30,Tech Support,32,29,23,3,506.2,8,71.9
2026-02-18,Wednesday,08:00,Billing,48,48,47,0,311.5,11,97.9
2026-02-18,Wednesday,08:30,Billing,55,53,49,2,340.0,12,89.1
2026-02-18,Wednesday,09:00,Billing,64,58,45,6,418.8,14,70.3
2026-02-18,Wednesday,09:30,Billing,62,59,51,3,367.4,14,82.3
2026-02-18,Wednesday,10:00,Billing,65,63,58,2,345.6,14,89.2
2026-02-18,Wednesday,10:30,Billing,74,69,58,5,342.9,16,78.4
2026-02-18,Wednesday,11:00,Billing,84,81,74,3,329.6,16,88.1
2026-02-18,Wednesday,11:30,Billing,80,79,76,1,310.7,19,95.0
2026-02-18,Wednesday,12:00,Billing,75,73,68,2,294.0,14,90.7
2026-02-18,Wednesday,12:30,Billing,57,56,53,1,358.6,14,93.0
2026-02-18,Wednesday,13:00,Billing,53,50,42,3,336.2,10,79.2
2026-02-18,Wednesday,13:30,Billing,46,46,46,0,318.3,12,100.0
2026-02-18,Wednesday,14:00,Billing,59,53,39,6,325.9,9,66.1
2026-02-18,Wednesday,14:30,Billing,58,58,57,0,293.1,12,98.3
2026-02-18,Wednesday,15:00,Billing,50,48,44,2,288.2,9,88.0
2026-02-18,Wednesday,15:30,Billing,65,60,48,5,322.4,12,73.8
2026-02-18,Wednesday,16:00,Billing,66,59,43,7,372.0,12,65.2
2026-02-18,Wednesday,16:30,Billing,49,48,44,1,304.2,11,89.8
2026-02-18,Wednesday,17:00,Billing,56,54,48,2,321.6,11,85.7
2026-02-18,Wednesday,17:30,Billing,59,55,46,4,336.1,11,78.0
2026-02-18,Wednesday,18:00,Billing,60,52,34,8,378.5,10,56.7
2026-02-18,Wednesday,18:30,Billing,55,53,49,2,348.9,15,89.1
2026-02-18,Wednesday,19:00,Billing,55,50,38,5,336.9,9,69.1
2026-02-18,Wednesday,19:30,Billing,41,41,41,0,349.2,11,100.0
2026-02-18,Wednesday,20:00,Billing,51,50,47,1,317.3,11,92.2
2026-02-18,Wednesday,20:30,Billing,54,48,35,6,338.4,9,64.8
2026-02-18,Wednesday,21:00,Billing,55,53,48,2,268.0,9,87.3
2026-02-18,Wednesday,21:30,Billing,52,50,46,2,343.2,11,88.5
2026-02-18,Wednesday,08:00,Tech Support,36,34,30,2,415.2,9,83.3
2026-02-18,Wednesday,08:30,Tech Support,33,33,32,0,482.4,14,97.0
2026-02-18,Wednesday,09:00,Tech Support,34,34,33,0,508.2,13,97.1
2026-02-18,Wednesday,09:30,Tech Support,48,37,16,11,502.1,8,33.3
2026-02-18,Wednesday,10:00,Tech Support,41,36,25,5,494.3,9,61.0
2026-02-18,Wednesday,10:30,Tech Support,40,40,40,0,500.1,15,100.0
2026-02-18,Wednesday,11:00,Tech Support,44,41,35,3,558.5,14,79.5
2026-02-18,Wednesday,11:30,Tech Support,47,46,43,1,480.6,16,91.5
2026-02-18,Wednesday,12:00,Tech Support,50,46,38,4,428.2,12,76.0
2026-02-18,Wednesday,12:30,Tech Support,43,43,42,0,444.2,13,97.7
2026-02-18,Wednesday,13:00,Tech Support,30,30,29,0,478.7,12,96.7
2026-02-18,Wednesday,13:30,Tech Support,28,28,27,0,428.9,11,96.4
2026-02-18,Wednesday,14:00,Tech Support,29,27,23,2,524.5,9,79.3
2026-02-18,Wednesday,14:30,Tech Support,22,22,22,0,459.2,10,100.0
2026-02-18,Wednesday,15:00,Tech Support,26,26,25,0,525.3,11,96.2
2026-02-18,Wednesday,15:30,Tech Support,33,32,29,1,474.5,10,87.9
2026-02-18,Wednesday,16:00,Tech Support,37,31,19,6,468.2,7,51.4
2026-02-18,Wednesday,16:30,Tech Support,29,29,28,0,496.9,10,96.6
2026-02-18,Wednesday,17:00,Tech Support,38,37,35,1,475.2,13,92.1
2026-02-18,Wednesday,17:30,Tech Support,35,33,27,2,505.4,10,77.1
2026-02-18,Wednesday,18:00,Tech Support,35,31,23,4,482.2,9,65.7
2026-02-18,Wednesday,18:30,Tech Support,41,39,35,2,509.9,13,85.4
2026-02-18,Wednesday,19:00,Tech Support,30,30,30,0,397.2,11,100.0
2026-02-18,Wednesday,19:30,Tech Support,27,27,26,0,491.5,12,96.3
2026-02-18,Wednesday,20:00,Tech Support,38,35,29,3,515.1,11,76.3
2026-02-18,Wednesday,20:30,Tech Support,23,23,23,0,438.6,11,100.0
2026-02-18,Wednesday,21:00,Tech Support,38,35,28,3,503.0,10,73.7
2026-02-18,Wednesday,21:30,Tech Support,29,28,26,1,459.3,9,89.7
2026-02-19,Thursday,08:00,Billing,49,48,46,1,296.1,15,93.9
2026-02-19,Thursday,08:30,Billing,56,55,53,1,261.1,12,94.6
2026-02-19,Thursday,09:00,Billing,60,59,58,1,331.4,13,96.7
2026-02-19,Thursday,09:30,Billing,64,62,56,2,263.2,11,87.5
2026-02-19,Thursday,10:00,Billing,73,66,50,7,342.3,13,68.5
2026-02-19,Thursday,10:30,Billing,76,72,63,4,291.2,15,82.9
2026-02-19,Thursday,11:00,Billing,82,70,44,12,369.7,13,53.7
2026-02-19,Thursday,11:30,Billing,84,81,75,3,302.5,17,89.3
2026-02-19,Thursday,12:00,Billing,73,72,69,1,345.4,16,94.5
2026-02-19,Thursday,12:30,Billing,76,71,59,5,349.2,15,77.6
2026-02-19,Thursday,13:00,Billing,58,57,55,1,363.4,15,94.8
2026-02-19,Thursday,13:30,Billing,62,60,56,2,273.6,12,90.3
2026-02-19,Thursday,14:00,Billing,59,57,52,2,312.5,11,88.1
2026-02-19,Thursday,14:30,Billing,62,60,55,2,336.8,13,88.7
2026-02-19,Thursday,15:00,Billing,53,52,50,1,321.9,12,94.3
2026-02-19,Thursday,15:30,Billing,65,57,40,8,330.5,10,61.5
2026-02-19,Thursday,16:00,Billing,71,58,31,13,366.7,10,43.7
2026-02-19,Thursday,16:30,Billing,64,60,51,4,323.9,12,79.7
2026-02-19,Thursday,17:00,Billing,68,57,34,11,369.0,10,50.0
2026-02-19,Thursday,17:30,Billing,65,63,58,2,311.5,14,89.2
2026-02-19,Thursday,18:00,Billing,61,60,57,1,264.5,13,93.4
2026-02-19,Thursday,18:30,Billing,60,58,52,2,365.7,14,86.7
2026-02-19,Thursday,19:00,Billing,54,54,54,0,293.3,15,100.0
2026-02-19,Thursday,19:30,Billing,50,49,47,1,404.7,15,94.0
2026-02-19,Thursday,20:00,Billing,64,54,32,10,355.9,9,50.0
2026-02-19,Thursday,20:30,Billing,49,49,49,0,338.7,14,100.0
2026-02-19,Thursday,21:00,Billing,54,52,47,2,344.2,12,87.0
2026-02-19,Thursday,21:30,Billing,47,42,31,5,394.6,9,66.0
2026-02-19,Thursday,08:00,Tech Support,29,27,23,2,446.3,8,79.3
2026-02-19,Thursday,08:30,Tech Support,29,29,29,0,454.3,11,100.0
2026-02-19,Thursday,09:00,Tech Support,39,38,36,1,455.0,11,92.3
2026-02-19,Thursday,09:30,Tech Support,51,46,34,5,494.7,12,66.7
2026-02-19,Thursday,10:00,Tech Support,40,38,33,2,471.7,12,82.5
2026-02-19,Thursday,10:30,Tech Support,35,34,32,1,517.7,12,91.4
2026-02-19,Thursday,11:00,Tech Support,45,42,35,3,523.8,13,77.8
2026-02-19,Thursday,11:30,Tech Support,50,47,39,3,517.2,15,78.0
2026-02-19,Thursday,12:00,Tech Support,41,40,39,1,475.8,15,95.1
2026-02-19,Thursday,12:30,Tech Support,40,39,36,1,447.8,12,90.0
2026-02-19,Thursday,13:00,Tech Support,39,39,39,0,476.6,13,100.0
2026-02-19,Thursday,13:30,Tech Support,27,27,27,0,498.9,10,100.0
2026-02-19,Thursday,14:00,Tech Support,36,34,30,2,503.7,10,83.3
2026-02-19,Thursday,14:30,Tech Support,27,27,27,0,514.7,10,100.0
2026-02-19,Thursday,15:00,Tech Support,29,28,27,1,502.3,9,93.1
2026-02-19,Thursday,15:30,Tech Support,26,26,25,0,469.3,9,96.2
2026-02-19,Thursday,16:00,Tech Support,28,28,28,0,490.9,11,100.0
2026-02-19,Thursday,16:30,Tech Support,34,28,15,6,588.5,8,44.1
2026-02-19,Thursday,17:00,Tech Support,30,30,29,0,477.3,12,96.7
2026-02-19,Thursday,17:30,Tech Support,42,40,35,2,473.0,12,83.3
2026-02-19,Thursday,18:00,Tech Support,40,39,36,1,473.0,13,90.0
2026-02-19,Thursday,18:30,Tech Support,23,23,23,0,494.2,10,100.0
2026-02-19,Thursday,19:00,Tech Support,35,33,29,2,552.7,12,82.9
2026-02-19,Thursday,19:30,Tech Support,31,29,25,2,477.6,9,80.6
2026-02-19,Thursday,20:00,Tech Support,37,34,27,3,553.9,10,73.0
2026-02-19,Thursday,20:30,Tech Support,30,30,30,0,461.2,12,100.0
2026-02-19,Thursday,21:00,Tech Support,29,29,29,0,444.6,11,100.0
2026-02-19,Thursday,21:30,Tech Support,23,23,22,0,505.1,8,95.7
2026-02-20,Friday,08:00,Billing,61,55,41,6,347.4,10,67.2
2026-02-20,Friday,08:30,Billing,55,53,49,2,351.0,12,89.1
2026-02-20,Friday,09:00,Billing,40,39,38,1,339.9,12,95.0
2026-02-20,Friday,09:30,Billing,57,55,50,2,347.9,13,87.7
2026-02-20,Friday,10:00,Billing,75,73,67,2,352.1,16,89.3
2026-02-20,Friday,10:30,Billing,93,89,79,4,280.0,15,84.9
2026-02-20,Friday,11:00,Billing,82,76,61,6,360.5,16,74.4
2026-02-20,Friday,11:30,Billing,65,63,59,2,306.0,16,90.8
2026-02-20,Friday,12:00,Billing,72,71,68,1,301.1,14,94.4
2026-02-20,Friday,12:30,Billing,56,55,54,1,270.6,11,96.4
2026-02-20,Friday,13:00,Billing,63,58,47,5,396.7,13,74.6
2026-02-20,Friday,13:30,Billing,69,56,30,13,420.7,11,43.5
2026-02-20,Friday,14:00,Billing,51,48,41,3,358.1,11,80.4
2026-02-20,Friday,14:30,Billing,51,49,44,2,379.4,12,86.3
2026-02-20,Friday,15:00,Billing,46,46,45,0,364.7,13,97.8
2026-02-20,Friday,15:30,Billing,47,47,46,0,378.6,14,97.9
2026-02-20,Friday,16:00,Billing,42,41,39,1,289.8,10,92.9
2026-02-20,Friday,16:30,Billing,64,62,58,2,279.8,12,90.6
2026-02-20,Friday,17:00,Billing,54,52,48,2,346.0,12,88.9
2026-02-20,Friday,17:30,Billing,63,60,54,3,299.8,12,85.7
2026-02-20,Friday,18:00,Billing,58,55,49,3,344.9,13,84.5
2026-02-20,Friday,18:30,Billing,78,75,68,3,240.4,11,87.2
2026-02-20,Friday,19:00,Billing,58,53,41,5,343.9,10,70.7
2026-02-20,Friday,19:30,Billing,53,53,53,0,268.0,12,100.0
2026-02-20,Friday,20:00,Billing,43,40,33,3,412.9,10,76.7
2026-02-20,Friday,20:30,Billing,35,35,35,0,314.2,13,100.0
2026-02-20,Friday,21:00,Billing,46,46,45,0,346.8,12,97.8
2026-02-20,Friday,21:30,Billing,44,44,44,0,333.4,11,100.0
2026-02-20,Friday,08:00,Tech Support,36,34,28,2,479.8,10,77.8
2026-02-20,Friday,08:30,Tech Support,41,39,35,2,465.3,12,85.4
2026-02-20,Friday,09:00,Tech Support,33,33,33,0,488.3,12,100.0
2026-02-20,Friday,09:30,Tech Support,32,32,32,0,480.1,12,100.0
2026-02-20,Friday,10:00,Tech Support,50,44,32,6,514.9,11,64.0
2026-02-20,Friday,10:30,Tech Support,35,35,34,0,486.5,13,97.1
2026-02-20,Friday,11:00,Tech Support,44,38,25,6,499.0,10,56.8
2026-02-20,Friday,11:30,Tech Support,43,42,39,1,428.5,13,90.7
2026-02-20,Friday,12:00,Tech Support,39,36,29,3,471.0,11,74.4
2026-02-20,Friday,12:30,Tech Support,39,36,30,3,461.9,10,76.9
2026-02-20,Friday,13:00,Tech Support,41,39,34,2,481.7,11,82.9
2026-02-20,Friday,13:30,Tech Support,28,28,27,0,521.6,11,96.4
2026-02-20,Friday,14:00,Tech Support,31,30,27,1,552.7,11,87.1
2026-02-20,Friday,14:30,Tech Support,38,34,25,4,468.4,9,65.8
2026-02-20,Friday,15:00,Tech Support,27,26,23,1,515.7,8,85.2
2026-02-20,Friday,15:30,Tech Support,22,21,19,1,545.7,12,86.4
2026-02-20,Friday,16:00,Tech Support,32,28,20,4,496.2,8,62.5
2026-02-20,Friday,16:30,Tech Support,35,33,29,2,427.9,9,82.9
2026-02-20,Friday,17:00,Tech Support,43,37,25,6,445.7,8,58.1
2026-02-20,Friday,17:30,Tech Support,30,30,30,0,461.8,13,100.0
2026-02-20,Friday,18:00,Tech Support,37,36,33,1,481.8,12,89.2
2026-02-20,Friday,18:30,Tech Support,27,26,25,1,494.0,9,92.6
2026-02-20,Friday,19:00,Tech Support,39,35,27,4,500.5,10,69.2
2026-02-20,Friday,19:30,Tech Support,36,34,29,2,533.4,11,80.6
2026-02-20,Friday,20:00,Tech Support,32,31,28,1,458.6,9,87.5
2026-02-20,Friday,20:30,Tech Support,33,32,29,1,474.5,10,87.9
2026-02-20,Friday,21:00,Tech Support,23,20,13,3,489.9,5,56.5
2026-02-20,Friday,21:30,Tech Support,27,26,23,1,548.5,9,85.2
2026-02-21,Saturday,08:00,Billing,25,25,25,0,322.5,13,100.0
2026-02-21,Saturday,08:30,Billing,42,41,40,1,317.9,14,95.2
2026-02-21,Saturday,09:00,Billing,32,31,29,1,380.2,13,90.6
2026-02-21,Saturday,09:30,Billing,56,53,45,3,348.1,12,80.4
2026-02-21,Saturday,10:00,Billing,52,52,52,0,306.4,16,100.0
2026-02-21,Saturday,10:30,Billing,60,59,57,1,374.0,16,95.0
2026-02-21,Saturday,11:00,Billing,41,41,41,0,332.0,15,100.0
2026-02-21,Saturday,11:30,Billing,38,38,38,0,305.3,12,100.0
2026-02-21,Saturday,12:00,Billing,42,41,39,1,336.4,12,92.9
2026-02-21,Saturday,12:30,Billing,52,52,51,0,321.9,13,98.1
2026-02-21,Saturday,13:00,Billing,37,37,36,0,258.5,16,97.3
2026-02-21,Saturday,13:30,Billing,28,27,26,1,314.7,12,92.9
2026-02-21,Saturday,14:00,Billing,36,35,33,1,301.3,13,91.7
2026-02-21,Saturday,14:30,Billing,32,32,32,0,307.5,11,100.0
2026-02-21,Saturday,15:00,Billing,28,28,28,0,293.8,12,100.0
2026-02-21,Saturday,15:30,Billing,40,39,36,1,381.1,11,90.0
2026-02-21,Saturday,16:00,Billing,32,32,31,0,386.8,11,96.9
2026-02-21,Saturday,16:30,Billing,36,35,34,1,339.5,14,94.4
2026-02-21,Saturday,17:00,Billing,39,39,39,0,350.4,13,100.0
2026-02-21,Saturday,17:30,Billing,37,36,34,1,339.8,11,91.9
2026-02-21,Saturday,18:00,Billing,39,38,37,1,303.3,11,94.9
2026-02-21,Saturday,18:30,Billing,47,46,45,1,323.4,11,95.7
2026-02-21,Saturday,19:00,Billing,45,45,44,0,344.1,14,97.8
2026-02-21,Saturday,19:30,Billing,50,50,49,0,271.9,12,98.0
2026-02-21,Saturday,20:00,Billing,39,37,32,2,357.7,9,82.1
2026-02-21,Saturday,20:30,Billing,33,32,30,1,330.4,11,90.9
2026-02-21,Saturday,21:00,Billing,41,41,40,0,321.8,14,97.6
2026-02-21,Saturday,21:30,Billing,41,40,37,1,424.1,11,90.2
2026-02-21,Saturday,08:00,Tech Support,22,22,21,0,508.7,11,95.5
2026-02-21,Saturday,08:30,Tech Support,26,26,26,0,476.0,12,100.0
2026-02-21,Saturday,09:00,Tech Support,23,23,23,0,408.4,10,100.0
2026-02-21,Saturday,09:30,Tech Support,18,18,18,0,462.9,11,100.0
2026-02-21,Saturday,10:00,Tech Support,24,24,24,0,441.2,12,100.0
2026-02-21,Saturday,10:30,Tech Support,34,34,33,0,477.3,13,97.1
2026-02-21,Saturday,11:00,Tech Support,29,29,29,0,494.0,14,100.0
2026-02-21,Saturday,11:30,Tech Support,33,33,32,0,454.7,13,97.0
2026-02-21,Saturday,12:00,Tech Support,30,30,29,0,470.0,13,96.7
2026-02-21,Saturday,12:30,Tech Support,22,22,21,0,553.9,12,95.5
2026-02-21,Saturday,13:00,Tech Support,25,24,22,1,501.7,7,88.0
2026-02-21,Saturday,13:30,Tech Support,18,18,18,0,440.3,9,100.0
2026-02-21,Saturday,14:00,Tech Support,25,24,22,1,520.2,9,88.0
2026-02-21,Saturday,14:30,Tech Support,21,21,21,0,459.2,8,100.0
2026-02-21,Saturday,15:00,Tech Support,19,19,18,0,447.5,10,94.7
2026-02-21,Saturday,15:30,Tech Support,18,18,18,0,477.9,8,100.0
2026-02-21,Saturday,16:00,Tech Support,20,20,20,0,491.2,13,100.0
2026-02-21,Saturday,16:30,Tech Support,28,27,26,1,496.1,9,92.9
2026-02-21,Saturday,17:00,Tech Support,21,21,21,0,471.5,9,100.0
2026-02-21,Saturday,17:30,Tech Support,22,21,19,1,478.5,10,86.4
2026-02-21,Saturday,18:00,Tech Support,27,27,27,0,448.7,12,100.0
2026-02-21,Saturday,18:30,Tech Support,33,33,32,0,452.6,11,97.0
2026-02-21,Saturday,19:00,Tech Support,30,28,22,2,484.7,8,73.3
2026-02-21,Saturday,19:30,Tech Support,28,28,27,0,527.0,11,96.4
2026-02-21,Saturday,20:00,Tech Support,13,13,13,0,529.4,10,100.0
2026-02-21,Saturday,20:30,Tech Support,22,22,22,0,456.4,10,100.0
2026-02-21,Saturday,21:00,Tech Support,20,19,18,1,453.4,10,90.0
2026-02-21,Saturday,21:30,Tech Support,19,19,19,0,540.1,10,100.0
2026-02-22,Sunday,08:00,Billing,20,20,20,0,322.7,12,100.0
2026-02-22,Sunday,08:30,Billing,38,38,38,0,318.5,12,100.0
2026-02-22,Sunday,09:00,Billing,30,30,30,0,304.0,11,100.0
2026-02-22,Sunday,09:30,Billing,33,33,33,0,349.1,12,100.0
2026-02-22,Sunday,10:00,Billing,39,39,39,0,341.2,11,100.0
2026-02-22,Sunday,10:30,Billing,46,46,46,0,296.2,12,100.0
2026-02-22,Sunday,11:00,Billing,37,36,34,1,339.4,12,91.9
2026-02-22,Sunday,11:30,Billing,39,38,37,1,316.5,14,94.9
2026-02-22,Sunday,12:00,Billing,36,36,36,0,304.6,16,100.0
2026-02-22,Sunday,12:30,Billing,35,34,32,1,324.5,17,91.4
2026-02-22,Sunday,13:00,Billing,38,38,38,0,326.2,12,100.0
2026-02-22,Sunday,13:30,Billing,35,35,35,0,350.6,14,100.0
2026-02-22,Sunday,14:00,Billing,27,27,27,0,359.7,13,100.0
2026-02-22,Sunday,14:30,Billing,20,20,19,0,306.2,12,95.0
2026-02-22,Sunday,15:00,Billing,19,19,19,0,357.8,12,100.0
2026-02-22,Sunday,15:30,Billing,20,20,20,0,342.0,12,100.0
2026-02-22,Sunday,16:00,Billing,31,31,30,0,310.1,15,96.8
2026-02-22,Sunday,16:30,Billing,27,27,26,0,286.4,10,96.3
2026-02-22,Sunday,17:00,Billing,31,30,29,1,352.0,14,93.5
2026-02-22,Sunday,17:30,Billing,41,40,38,1,343.8,14,92.7
2026-02-22,Sunday,18:00,Billing,42,42,41,0,341.3,12,97.6
2026-02-22,Sunday,18:30,Billing,23,23,23,0,352.7,13,100.0
2026-02-22,Sunday,19:00,Billing,35,35,34,0,312.5,12,97.1
2026-02-22,Sunday,19:30,Billing,31,30,28,1,359.3,12,90.3
2026-02-22,Sunday,20:00,Billing,29,29,29,0,387.1,10,100.0
2026-02-22,Sunday,20:30,Billing,25,25,24,0,353.3,13,96.0
2026-02-22,Sunday,21:00,Billing,28,28,27,0,341.6,11,96.4
2026-02-22,Sunday,21:30,Billing,31,31,31,0,314.6,9,100.0
2026-02-22,Sunday,08:00,Tech Support,18,18,18,0,449.0,11,100.0
2026-02-22,Sunday,08:30,Tech Support,23,23,23,0,424.5,13,100.0
2026-02-22,Sunday,09:00,Tech Support,14,14,13,0,500.0,11,92.9
2026-02-22,Sunday,09:30,Tech Support,18,18,18,0,530.0,14,100.0
2026-02-22,Sunday,10:00,Tech Support,28,28,27,0,444.4,12,96.4
2026-02-22,Sunday,10:30,Tech Support,24,24,23,0,488.6,13,95.8
2026-02-22,Sunday,11:00,Tech Support,30,30,30,0,473.0,12,100.0
2026-02-22,Sunday,11:30,Tech Support,29,29,28,0,446.9,15,96.6
2026-02-22,Sunday,12:00,Tech Support,23,23,22,0,522.2,12,95.7
2026-02-22,Sunday,12:30,Tech Support,16,16,15,0,533.3,11,93.8
2026-02-22,Sunday,13:00,Tech Support,10,10,9,0,464.3,9,90.0
2026-02-22,Sunday,13:30,Tech Support,11,11,11,0,496.8,11,100.0
2026-02-22,Sunday,14:00,Tech Support,15,15,14,0,520.8,12,93.3
2026-02-22,Sunday,14:30,Tech Support,16,16,15,0,545.9,13,93.8
2026-02-22,Sunday,15:00,Tech Support,10,10,10,0,435.8,11,100.0
2026-02-22,Sunday,15:30,Tech Support,16,16,16,0,425.0,11,100.0
2026-02-22,Sunday,16:00,Tech Support,16,16,16,0,485.4,9,100.0
2026-02-22,Sunday,16:30,Tech Support,19,18,16,1,480.6,9,84.2
2026-02-22,Sunday,17:00,Tech Support,20,20,20,0,487.4,12,100.0
2026-02-22,Sunday,17:30,Tech Support,15,15,15,0,465.4,12,100.0
2026-02-22,Sunday,18:00,Tech Support,22,22,22,0,493.1,12,100.0
2026-02-22,Sunday,18:30,Tech Support,23,23,22,0,452.1,14,95.7
2026-02-22,Sunday,19:00,Tech Support,18,18,18,0,491.4,9,100.0
2026-02-22,Sunday,19:30,Tech Support,18,18,17,0,499.3,14,94.4
2026-02-22,Sunday,20:00,Tech Support,24,24,23,0,464.3,9,95.8
2026-02-22,Sunday,20:30,Tech Support,16,16,16,0,484.1,12,100.0
2026-02-22,Sunday,21:00,Tech Support,20,20,20,0,464.8,11,100.0
2026-02-22,Sunday,21:30,Tech Support,11,11,11,0,461.4,9,100.0
2026-02-23,Monday,08:00,Billing,66,59,43,7,310.5,10,65.2
2026-02-23,Monday,08:30,Billing,71,64,48,7,363.6,13,67.6
2026-02-23,Monday,09:00,Billing,98,84,54,14,364.3,14,55.1
2026-02-23,Monday,09:30,Billing,93,75,39,18,385.7,13,41.9
2026-02-23,Monday,10:00,Billing,86,74,48,12,325.2,13,55.8
2026-02-23,Monday,10:30,Billing,97,88,67,9,292.4,15,69.1
2026-02-23,Monday,11:00,Billing,104,90,60,14,316.0,15,57.7
2026-02-23,Monday,11:30,Billing,89,78,54,11,307.5,12,60.7
2026-02-23,Monday,12:00,Billing,100,90,67,10,344.3,16,67.0
2026-02-23,Monday,12:30,Billing,75,64,40,11,381.2,12,53.3
2026-02-23,Monday,13:00,Billing,70,63,48,7,329.6,11,68.6
2026-02-23,Monday,13:30,Billing,59,59,59,0,288.9,15,100.0
2026-02-23,Monday,14:00,Billing,70,63,46,7,297.8,10,65.7
2026-02-23,Monday,14:30,Billing,70,58,33,12,410.3,11,47.1
2026-02-23,Monday,15:00,Billing,62,59,52,3,317.5,12,83.9
2026-02-23,Monday,15:30,Billing,56,53,47,3,354.6,12,83.9
2026-02-23,Monday,16:00,Billing,62,58,49,4,341.3,12,79.0
2026-02-23,Monday,16:30,Billing,82,70,45,12,328.0,11,54.9
2026-02-23,Monday,17:00,Billing,79,72,57,7,308.9,14,72.2
2026-02-23,Monday,17:30,Billing,87,78,59,9,295.5,13,67.8
2026-02-23,Monday,18:00,Billing,89,73,40,16,355.5,12,44.9
2026-02-23,Monday,18:30,Billing,68,63,50,5,403.9,14,73.5
2026-02-23,Monday,19:00,Billing,80,73,56,7,308.6,13,70.0
2026-02-23,Monday,19:30,Billing,87,74,45,13,334.5,12,51.7
2026-02-23,Monday,20:00,Billing,63,55,38,8,341.0,10,60.3
2026-02-23,Monday,20:30,Billing,70,67,61,3,289.7,13,87.1
2026-02-23,Monday,21:00,Billing,54,48,34,6,391.2,10,63.0
2026-02-23,Monday,21:30,Billing,70,62,43,8,365.4,12,61.4
2026-02-23,Monday,08:00,Tech Support,44,43,41,1,434.1,12,93.2
2026-02-23,Monday,08:30,Tech Support,41,40,37,1,521.5,13,90.2
2026-02-23,Monday,09:00,Tech Support,35,35,35,0,462.7,13,100.0
2026-02-23,Monday,09:30,Tech Support,52,46,33,6,453.8,11,63.5
2026-02-23,Monday,10:00,Tech Support,55,46,28,9,388.4,9,50.9
2026-02-23,Monday,10:30,Tech Support,57,46,25,11,497.0,11,43.9
2026-02-23,Monday,11:00,Tech Support,63,54,35,9,460.6,12,55.6
2026-02-23,Monday,11:30,Tech Support,52,48,39,4,460.9,13,75.0
2026-02-23,Monday,12:00,Tech Support,61,49,25,12,478.3,11,41.0
2026-02-23,Monday,12:30,Tech Support,42,37,27,5,434.1,9,64.3
2026-02-23,Monday,13:00,Tech Support,45,36,19,9,472.1,8,42.2
2026-02-23,Monday,13:30,Tech Support,39,37,32,2,467.6,11,82.1
2026-02-23,Monday,14:00,Tech Support,47,41,29,6,511.1,11,61.7
2026-02-23,Monday,14:30,Tech Support,34,34,34,0,458.4,12,100.0
2026-02-23,Monday,15:00,Tech Support,40,36,27,4,516.6,10,67.5
2026-02-23,Monday,15:30,Tech Support,39,35,26,4,494.7,10,66.7
2026-02-23,Monday,16:00,Tech Support,52,46,33,6,512.5,12,63.5
2026-02-23,Monday,16:30,Tech Support,49,43,31,6,489.7,11,63.3
2026-02-23,Monday,17:00,Tech Support,34,34,34,0,444.0,12,100.0
2026-02-23,Monday,17:30,Tech Support,37,37,37,0,483.0,13,100.0
2026-02-23,Monday,18:00,Tech Support,54,46,29,8,498.0,11,53.7
2026-02-23,Monday,18:30,Tech Support,44,40,32,4,442.0,10,72.7
2026-02-23,Monday,19:00,Tech Support,38,37,35,1,410.1,10,92.1
2026-02-23,Monday,19:30,Tech Support,45,41,31,4,579.7,13,68.9
2026-02-23,Monday,20:00,Tech Support,37,36,33,1,424.9,10,89.2
2026-02-23,Monday,20:30,Tech Support,31,30,28,1,486.8,10,90.3
2026-02-23,Monday,21:00,Tech Support,45,39,27,6,489.8,10,60.0
2026-02-23,Monday,21:30,Tech Support,42,35,21,7,483.5,8,50.0
2026-02-24,Tuesday,08:00,Billing,75,70,58,5,357.4,14,77.3
2026-02-24,Tuesday,08:30,Billing,57,57,56,0,282.6,14,98.2
2026-02-24,Tuesday,09:00,Billing,62,60,56,2,329.3,15,90.3
2026-02-24,Tuesday,09:30,Billing,80,79,76,1,253.2,15,95.0
2026-02-24,Tuesday,10:00,Billing,81,71,48,10,351.2,13,59.3
2026-02-24,Tuesday,10:30,Billing,98,81,46,17,328.2,13,46.9
2026-02-24,Tuesday,11:00,Billing,84,76,58,8,327.5,14,69.0
2026-02-24,Tuesday,11:30,Billing,80,74,60,6,398.8,16,75.0
2026-02-24,Tuesday,12:00,Billing,71,69,64,2,329.5,15,90.1
2026-02-24,Tuesday,12:30,Billing,61,57,48,4,373.9,14,78.7
2026-02-24,Tuesday,13:00,Billing,64,56,39,8,345.1,10,60.9
2026-02-24,Tuesday,13:30,Billing,58,51,35,7,378.9,10,60.3
2026-02-24,Tuesday,14:00,Billing,62,55,39,7,368.6,10,62.9
2026-02-24,Tuesday,14:30,Billing,48,46,42,2,303.7,10,87.5
2026-02-24,Tuesday,15:00,Billing,61,55,40,6,375.7,11,65.6
2026-02-24,Tuesday,15:30,Billing,59,55,47,4,355.8,12,79.7
2026-02-24,Tuesday,16:00,Billing,54,51,45,3,351.2,11,83.3
2026-02-24,Tuesday,16:30,Billing,69,65,56,4,338.2,13,81.2
2026-02-24,Tuesday,17:00,Billing,81,70,47,11,330.8,12,58.0
2026-02-24,Tuesday,17:30,Billing,77,71,58,6,353.7,16,75.3
2026-02-24,Tuesday,18:00,Billing,76,71,59,5,328.4,14,77.6
2026-02-24,Tuesday,18:30,Billing,74,71,64,3,246.6,11,86.5
2026-02-24,Tuesday,19:00,Billing,88,63,18,25,345.4,9,20.5
2026-02-24,Tuesday,19:30,Billing,63,56,41,7,377.7,12,65.1
2026-02-24,Tuesday,20:00,Billing,76,68,51,8,330.6,12,67.1
2026-02-24,Tuesday,20:30,Billing,58,56,52,2,272.6,14,89.7
2026-02-24,Tuesday,21:00,Billing,44,43,41,1,330.0,10,93.2
2026-02-24,Tuesday,21:30,Billing,45,44,42,1,308.2,12,93.3
2026-02-24,Tuesday,08:00,Tech Support,33,32,29,1,466.9,9,87.9
2026-02-24,Tuesday,08:30,Tech Support,39,33,21,6,471.6,8,53.8
2026-02-24,Tuesday,09:00,Tech Support,37,33,24,4,486.0,9,64.9
2026-02-24,Tuesday,09:30,Tech Support,35,35,35,0,485.3,12,100.0
2026-02-24,Tuesday,10:00,Tech Support,40,38,33,2,488.1,11,82.5
2026-02-24,Tuesday,10:30,Tech Support,45,44,41,1,499.7,14,91.1
2026-02-24,Tuesday,11:00,Tech Support,53,49,40,4,454.4,13,75.5
2026-02-24,Tuesday,11:30,Tech Support,54,48,35,6,453.5,12,64.8
2026-02-24,Tuesday,12:00,Tech Support,45,43,37,2,480.8,13,82.2
2026-02-24,Tuesday,12:30,Tech Support,42,37,27,5,529.4,11,64.3
2026-02-24,Tuesday,13:00,Tech Support,35,29,17,6,520.5,7,48.6
2026-02-24,Tuesday,13:30,Tech Support,39,35,27,4,457.4,9,69.2
2026-02-24,Tuesday,14:00,Tech Support,36,35,32,1,467.9,12,88.9
2026-02-24,Tuesday,14:30,Tech Support,28,27,25,1,473.3,9,89.3
2026-02-24,Tuesday,15:00,Tech Support,33,30,22,3,497.7,8,66.7
2026-02-24,Tuesday,15:30,Tech Support,37,36,33,1,473.8,11,89.2
2026-02-24,Tuesday,16:00,Tech Support,40,35,23,5,493.6,9,57.5
2026-02-24,Tuesday,16:30,Tech Support,26,26,26,0,454.9,10,100.0
2026-02-24,Tuesday,17:00,Tech Support,30,30,29,0,499.6,10,96.7
2026-02-24,Tuesday,17:30,Tech Support,43,40,33,3,520.3,13,76.7
2026-02-24,Tuesday,18:00,Tech Support,39,38,36,1,431.4,14,92.3
2026-02-24,Tuesday,18:30,Tech Support,31,31,31,0,394.3,9,100.0
2026-02-24,Tuesday,19:00,Tech Support,33,32,29,1,489.5,9,87.9
2026-02-24,Tuesday,19:30,Tech Support,35,33,28,2,469.7,10,80.0
2026-02-24,Tuesday,20:00,Tech Support,40,32,17,8,460.7,7,42.5
2026-02-24,Tuesday,20:30,Tech Support,34,33,32,1,475.3,12,94.1
2026-02-24,Tuesday,21:00,Tech Support,26,25,24,1,500.2,9,92.3
2026-02-24,Tuesday,21:30,Tech Support,37,35,31,2,485.3,11,83.8
2026-02-25,Wednesday,08:00,Billing,47,45,41,2,350.6,11,87.2
2026-02-25,Wednesday,08:30,Billing,56,55,51,1,341.8,12,91.1
2026-02-25,Wednesday,09:00,Billing,60,57,50,3,378.1,13,83.3
2026-02-25,Wednesday,09:30,Billing,55,55,55,0,362.1,14,100.0
2026-02-25,Wednesday,10:00,Billing,74,67,51,7,322.5,13,68.9
2026-02-25,Wednesday,10:30,Billing,69,64,52,5,335.9,12,75.4
2026-02-25,Wednesday,11:00,Billing,87,77,55,10,336.8,14,63.2
2026-02-25,Wednesday,11:30,Billing,74,70,60,4,301.4,13,81.1
2026-02-25,Wednesday,12:00,Billing,86,80,66,6,292.5,13,76.7
2026-02-25,Wednesday,12:30,Billing,72,69,61,3,304.1,14,84.7
2026-02-25,Wednesday,13:00,Billing,53,50,43,3,384.2,11,81.1
2026-02-25,Wednesday,13:30,Billing,44,43,42,1,385.7,13,95.5
2026-02-25,Wednesday,14:00,Billing,58,56,50,2,348.2,12,86.2
2026-02-25,Wednesday,14:30,Billing,48,47,44,1,280.7,12,91.7
2026-02-25,Wednesday,15:00,Billing,40,38,34,2,381.8,10,85.0
2026-02-25,Wednesday,15:30,Billing,42,42,42,0,375.2,13,100.0
2026-02-25,Wednesday,16:00,Billing,55,55,55,0,282.4,11,100.0
2026-02-25,Wednesday,16:30,Billing,52,51,49,1,262.5,10,94.2
2026-02-25,Wednesday,17:00,Billing,54,54,54,0,321.4,15,100.0
2026-02-25,Wednesday,17:30,Billing,69,64,52,5,272.6,11,75.4
2026-02-25,Wednesday,18:00,Billing,75,72,65,3,296.2,13,86.7
2026-02-25,Wednesday,18:30,Billing,62,62,62,0,323.9,14,100.0
2026-02-25,Wednesday,19:00,Billing,77,69,52,8,310.9,12,67.5
2026-02-25,Wednesday,19:30,Billing,59,57,52,2,337.6,13,88.1
2026-02-25,Wednesday,20:00,Billing,61,58,51,3,364.9,13,83.6
2026-02-25,Wednesday,20:30,Billing,68,60,42,8,372.6,12,61.8
2026-02-25,Wednesday,21:00,Billing,54,52,47,2,347.9,11,87.0
2026-02-25,Wednesday,21:30,Billing,34,33,31,1,325.3,10,91.2
2026-02-25,Wednesday,08:00,Tech Support,24,24,24,0,515.5,12,100.0
2026-02-25,Wednesday,08:30,Tech Support,28,28,28,0,496.8,11,100.0
2026-02-25,Wednesday,09:00,Tech Support,30,29,28,1,491.9,11,93.3
2026-02-25,Wednesday,09:30,Tech Support,28,28,28,0,453.5,9,100.0
2026-02-25,Wednesday,10:00,Tech Support,46,44,39,2,448.0,12,84.8
2026-02-25,Wednesday,10:30,Tech Support,41,41,40,0,462.6,13,97.6
2026-02-25,Wednesday,11:00,Tech Support,38,36,31,2,489.5,12,81.6
2026-02-25,Wednesday,11:30,Tech Support,39,38,35,1,474.8,13,89.7
2026-02-25,Wednesday,12:00,Tech Support,48,43,32,5,442.6,11,66.7
2026-02-25,Wednesday,12:30,Tech Support,37,35,30,2,508.5,11,81.1
2026-02-25,Wednesday,13:00,Tech Support,27,25,21,2,545.6,8,77.8
2026-02-25,Wednesday,13:30,Tech Support,30,30,29,0,468.4,12,96.7
2026-02-25,Wednesday,14:00,Tech Support,32,31,28,1,460.0,9,87.5
2026-02-25,Wednesday,14:30,Tech Support,30,29,27,1,429.5,10,90.0
2026-02-25,Wednesday,15:00,Tech Support,51,44,28,7,517.0,11,54.9
2026-02-25,Wednesday,15:30,Tech Support,26,26,25,0,507.7,9,96.2
2026-02-25,Wednesday,16:00,Tech Support,30,29,26,1,455.7,9,86.7
2026-02-25,Wednesday,16:30,Tech Support,32,32,31,0,443.4,12,96.9
2026-02-25,Wednesday,17:00,Tech Support,33,31,26,2,475.0,9,78.8
2026-02-25,Wednesday,17:30,Tech Support,32,30,25,2,516.0,9,78.1
2026-02-25,Wednesday,18:00,Tech Support,41,38,31,3,488.4,11,75.6
2026-02-25,Wednesday,18:30,Tech Support,40,35,24,5,531.4,9,60.0
2026-02-25,Wednesday,19:00,Tech Support,48,42,28,6,421.6,9,58.3
2026-02-25,Wednesday,19:30,Tech Support,33,31,26,2,456.0,8,78.8
2026-02-25,Wednesday,20:00,Tech Support,27,27,26,0,502.0,11,96.3
2026-02-25,Wednesday,20:30,Tech Support,30,30,30,0,466.5,11,100.0
2026-02-25,Wednesday,21:00,Tech Support,29,29,29,0,490.6,10,100.0
2026-02-25,Wednesday,21:30,Tech Support,32,32,32,0,507.5,11,100.0
2026-02-26,Thursday,08:00,Billing,58,54,44,4,328.7,11,75.9
2026-02-26,Thursday,08:30,Billing,53,52,51,1,356.1,13,96.2
2026-02-26,Thursday,09:00,Billing,55,52,45,3,343.2,12,81.8
2026-02-26,Thursday,09:30,Billing,62,62,62,0,295.2,13,100.0
2026-02-26,Thursday,10:00,Billing,59,58,56,1,298.1,14,94.9
2026-02-26,Thursday,10:30,Billing,88,81,64,7,305.2,14,72.7
2026-02-26,Thursday,11:00,Billing,83,74,53,9,330.0,13,63.9
2026-02-26,Thursday,11:30,Billing,72,68,59,4,345.3,14,81.9
2026-02-26,Thursday,12:00,Billing,77,75,70,2,373.1,17,90.9
2026-02-26,Thursday,12:30,Billing,60,59,57,1,358.6,15,95.0
2026-02-26,Thursday,13:00,Billing,69,60,42,9,348.3,11,60.9
2026-02-26,Thursday,13:30,Billing,54,53,52,1,272.2,12,96.3
2026-02-26,Thursday,14:00,Billing,55,52,46,3,326.4,11,83.6
2026-02-26,Thursday,14:30,Billing,50,50,49,0,310.3,11,98.0
2026-02-26,Thursday,15:00,Billing,49,49,49,0,372.4,15,100.0
2026-02-26,Thursday,15:30,Billing,66,57,38,9,358.9,11,57.6
2026-02-26,Thursday,16:00,Billing,58,55,47,3,345.4,11,81.0
2026-02-26,Thursday,16:30,Billing,45,45,45,0,373.6,12,100.0
2026-02-26,Thursday,17:00,Billing,59,56,49,3,332.4,12,83.1
2026-02-26,Thursday,17:30,Billing,83,68,38,15,281.5,9,45.8
2026-02-26,Thursday,18:00,Billing,51,50,49,1,221.4,12,96.1
2026-02-26,Thursday,18:30,Billing,78,70,53,8,378.7,14,67.9
2026-02-26,Thursday,19:00,Billing,73,68,56,5,345.4,14,76.7
2026-02-26,Thursday,19:30,Billing,62,61,58,1,306.7,13,93.5
2026-02-26,Thursday,20:00,Billing,55,54,52,1,295.9,13,94.5
2026-02-26,Thursday,20:30,Billing,58,57,56,1,294.0,13,96.6
2026-02-26,Thursday,21:00,Billing,43,43,43,0,296.5,11,100.0
2026-02-26,Thursday,21:30,Billing,54,50,41,4,313.0,10,75.9
2026-02-26,Thursday,08:00,Tech Support,33,32,30,1,416.5,10,90.9
2026-02-26,Thursday,08:30,Tech Support,35,34,31,1,461.5,10,88.6
2026-02-26,Thursday,09:00,Tech Support,30,28,24,2,487.6,9,80.0
2026-02-26,Thursday,09:30,Tech Support,48,42,28,6,497.8,11,58.3
2026-02-26,Thursday,10:00,Tech Support,35,34,32,1,542.9,15,91.4
2026-02-26,Thursday,10:30,Tech Support,45,42,35,3,512.1,13,77.8
2026-02-26,Thursday,11:00,Tech Support,55,51,41,4,486.5,14,74.5
2026-02-26,Thursday,11:30,Tech Support,33,32,30,1,521.4,13,90.9
2026-02-26,Thursday,12:00,Tech Support,41,40,37,1,496.3,12,90.2
2026-02-26,Thursday,12:30,Tech Support,45,38,23,7,484.2,9,51.1
2026-02-26,Thursday,13:00,Tech Support,48,43,31,5,458.2,10,64.6
2026-02-26,Thursday,13:30,Tech Support,35,33,29,2,479.9,11,82.9
2026-02-26,Thursday,14:00,Tech Support,34,34,33,0,425.7,11,97.1
2026-02-26,Thursday,14:30,Tech Support,29,28,25,1,446.6,8,86.2
2026-02-26,Thursday,15:00,Tech Support,27,27,26,0,488.2,10,96.3
2026-02-26,Thursday,15:30,Tech Support,29,29,28,0,462.7,12,96.6
2026-02-26,Thursday,16:00,Tech Support,25,25,24,0,525.1,11,96.0
2026-02-26,Thursday,16:30,Tech Support,38,38,37,0,404.2,11,97.4
2026-02-26,Thursday,17:00,Tech Support,39,34,23,5,503.3,9,59.0
2026-02-26,Thursday,17:30,Tech Support,38,36,32,2,448.4,11,84.2
2026-02-26,Thursday,18:00,Tech Support,31,29,25,2,478.7,9,80.6
2026-02-26,Thursday,18:30,Tech Support,39,37,32,2,525.6,11,82.1
2026-02-26,Thursday,19:00,Tech Support,46,43,37,3,515.8,13,80.4
2026-02-26,Thursday,19:30,Tech Support,41,40,37,1,393.2,10,90.2
2026-02-26,Thursday,20:00,Tech Support,28,27,24,1,539.5,10,85.7
2026-02-26,Thursday,20:30,Tech Support,28,27,25,1,501.3,9,89.3
2026-02-26,Thursday,21:00,Tech Support,33,30,23,3,483.5,8,69.7
2026-02-26,Thursday,21:30,Tech Support,38,36,30,2,442.9,10,78.9
2026-02-27,Friday,08:00,Billing,46,46,46,0,322.6,12,100.0
2026-02-27,Friday,08:30,Billing,48,48,48,0,319.3,12,100.0
2026-02-27,Friday,09:00,Billing,60,57,51,3,341.1,13,85.0
2026-02-27,Friday,09:30,Billing,59,58,55,1,252.6,15,93.2
2026-02-27,Friday,10:00,Billing,61,61,61,0,321.8,16,100.0
2026-02-27,Friday,10:30,Billing,87,85,80,2,283.7,17,92.0
2026-02-27,Friday,11:00,Billing,73,67,54,6,339.9,13,74.0
2026-02-27,Friday,11:30,Billing,67,63,53,4,309.8,12,79.1
2026-02-27,Friday,12:00,Billing,64,63,60,1,331.1,15,93.8
2026-02-27,Friday,12:30,Billing,69,64,52,5,363.5,14,75.4
2026-02-27,Friday,13:00,Billing,57,57,57,0,304.0,13,100.0
2026-02-27,Friday,13:30,Billing,58,58,57,0,311.2,14,98.3
2026-02-27,Friday,14:00,Billing,46,45,44,1,329.7,11,95.7
2026-02-27,Friday,14:30,Billing,42,41,38,1,310.4,13,90.5
2026-02-27,Friday,15:00,Billing,47,46,44,1,355.6,12,93.6
2026-02-27,Friday,15:30,Billing,60,53,37,7,359.3,10,61.7
2026-02-27,Friday,16:00,Billing,50,50,49,0,329.7,12,98.0
2026-02-27,Friday,16:30,Billing,59,55,45,4,316.9,11,76.3
2026-02-27,Friday,17:00,Billing,68,64,54,4,332.8,13,79.4
2026-02-27,Friday,17:30,Billing,44,44,44,0,333.4,15,100.0
2026-02-27,Friday,18:00,Billing,58,54,45,4,331.1,12,77.6
2026-02-27,Friday,18:30,Billing,77,74,67,3,326.2,15,87.0
2026-02-27,Friday,19:00,Billing,63,63,62,0,313.3,14,98.4
2026-02-27,Friday,19:30,Billing,69,61,43,8,375.4,12,62.3
2026-02-27,Friday,20:00,Billing,50,48,42,2,377.4,11,84.0
2026-02-27,Friday,20:30,Billing,43,42,40,1,336.7,10,93.0
2026-02-27,Friday,21:00,Billing,55,55,55,0,325.9,15,100.0
2026-02-27,Friday,21:30,Billing,54,51,44,3,355.6,13,81.5
2026-02-27,Friday,08:00,Tech Support,25,24,22,1,462.5,10,88.0
2026-02-27,Friday,08:30,Tech Support,33,28,18,5,496.2,7,54.5
2026-02-27,Friday,09:00,Tech Support,40,37,30,3,523.6,12,75.0
2026-02-27,Friday,09:30,Tech Support,37,34,28,3,431.4,9,75.7
2026-02-27,Friday,10:00,Tech Support,41,40,36,1,516.5,13,87.8
2026-02-27,Friday,10:30,Tech Support,35,35,35,0,474.8,12,100.0
2026-02-27,Friday,11:00,Tech Support,41,37,28,4,470.7,10,68.3
2026-02-27,Friday,11:30,Tech Support,42,40,36,2,522.4,15,85.7
2026-02-27,Friday,12:00,Tech Support,47,42,31,5,525.1,12,66.0
2026-02-27,Friday,12:30,Tech Support,34,32,27,2,473.5,9,79.4
2026-02-27,Friday,13:00,Tech Support,27,27,27,0,475.6,12,100.0
2026-02-27,Friday,13:30,Tech Support,35,34,32,1,492.4,11,91.4
2026-02-27,Friday,14:00,Tech Support,17,17,17,0,419.6,10,100.0
2026-02-27,Friday,14:30,Tech Support,35,29,17,6,501.3,7,48.6
2026-02-27,Friday,15:00,Tech Support,33,30,22,3,484.4,8,66.7
2026-02-27,Friday,15:30,Tech Support,24,24,24,0,399.5,9,100.0
2026-02-27,Friday,16:00,Tech Support,36,36,35,0,445.5,12,97.2
2026-02-27,Friday,16:30,Tech Support,23,23,22,0,408.3,12,95.7
2026-02-27,Friday,17:00,Tech Support,31,29,25,2,535.1,10,80.6
2026-02-27,Friday,17:30,Tech Support,41,36,25,5,477.8,9,61.0
2026-02-27,Friday,18:00,Tech Support,39,36,30,3,461.1,10,76.9
2026-02-27,Friday,18:30,Tech Support,38,37,36,1,455.8,15,94.7
2026-02-27,Friday,19:00,Tech Support,34,33,31,1,517.7,12,91.2
2026-02-27,Friday,19:30,Tech Support,30,30,29,0,441.1,14,96.7
2026-02-27,Friday,20:00,Tech Support,32,32,32,0,438.6,12,100.0
2026-02-27,Friday,20:30,Tech Support,43,41,35,2,487.7,11,81.4
2026-02-27,Friday,21:00,Tech Support,19,19,19,0,498.5,11,100.0
2026-02-27,Friday,21:30,Tech Support,26,26,25,0,520.2,12,96.2
2026-02-28,Saturday,08:00,Billing,40,40,40,0,270.4,11,100.0
2026-02-28,Saturday,08:30,Billing,39,37,33,2,334.1,14,84.6
2026-02-28,Saturday,09:00,Billing,42,42,41,0,272.5,13,97.6
2026-02-28,Saturday,09:30,Billing,44,43,41,1,294.3,11,93.2
2026-02-28,Saturday,10:00,Billing,67,62,50,5,327.6,12,74.6
2026-02-28,Saturday,10:30,Billing,61,57,47,4,313.3,11,77.0
2026-02-28,Saturday,11:00,Billing,47,47,46,0,315.5,16,97.9
2026-02-28,Saturday,11:30,Billing,41,40,39,1,319.3,12,95.1
2026-02-28,Saturday,12:00,Billing,47,46,44,1,344.3,15,93.6
2026-02-28,Saturday,12:30,Billing,46,46,46,0,339.3,16,100.0
2026-02-28,Saturday,13:00,Billing,43,43,43,0,328.9,16,100.0
2026-02-28,Saturday,13:30,Billing,42,41,40,1,340.5,13,95.2
2026-02-28,Saturday,14:00,Billing,47,47,47,0,330.8,13,100.0
2026-02-28,Saturday,14:30,Billing,36,35,33,1,442.0,12,91.7
2026-02-28,Saturday,15:00,Billing,42,41,39,1,368.7,11,92.9
2026-02-28,Saturday,15:30,Billing,38,38,38,0,278.6,10,100.0
2026-02-28,Saturday,16:00,Billing,40,40,40,0,289.4,12,100.0
2026-02-28,Saturday,16:30,Billing,43,43,43,0,288.3,12,100.0
2026-02-28,Saturday,17:00,Billing,47,47,47,0,354.4,12,100.0
2026-02-28,Saturday,17:30,Billing,35,35,35,0,349.3,13,100.0
2026-02-28,Saturday,18:00,Billing,37,37,37,0,322.5,13,100.0
2026-02-28,Saturday,18:30,Billing,44,44,43,0,377.1,14,97.7
2026-02-28,Saturday,19:00,Billing,34,34,34,0,353.1,10,100.0
2026-02-28,Saturday,19:30,Billing,44,44,44,0,336.9,13,100.0
2026-02-28,Saturday,20:00,Billing,39,39,39,0,293.6,9,100.0
2026-02-28,Saturday,20:30,Billing,35,34,32,1,304.6,13,91.4
2026-02-28,Saturday,21:00,Billing,39,39,38,0,353.2,14,97.4
2026-02-28,Saturday,21:30,Billing,32,32,32,0,305.9,15,100.0
2026-02-28,Saturday,08:00,Tech Support,29,29,28,0,479.9,11,96.6
2026-02-28,Saturday,08:30,Tech Support,25,25,24,0,464.3,10,96.0
2026-02-28,Saturday,09:00,Tech Support,28,28,28,0,473.7,10,100.0
2026-02-28,Saturday,09:30,Tech Support,30,29,27,1,518.4,9,90.0
2026-02-28,Saturday,10:00,Tech Support,30,30,29,0,453.7,14,96.7
2026-02-28,Saturday,10:30,Tech Support,30,30,30,0,470.6,13,100.0
2026-02-28,Saturday,11:00,Tech Support,28,28,28,0,453.1,12,100.0
2026-02-28,Saturday,11:30,Tech Support,32,32,31,0,479.9,13,96.9
2026-02-28,Saturday,12:00,Tech Support,25,25,24,0,466.9,10,96.0
2026-02-28,Saturday,12:30,Tech Support,34,33,31,1,455.1,14,91.2
2026-02-28,Saturday,13:00,Tech Support,23,23,22,0,453.7,10,95.7
2026-02-28,Saturday,13:30,Tech Support,25,24,23,1,509.5,12,92.0
2026-02-28,Saturday,14:00,Tech Support,24,24,24,0,510.5,13,100.0
2026-02-28,Saturday,14:30,Tech Support,18,18,18,0,486.2,9,100.0
2026-02-28,Saturday,15:00,Tech Support,15,15,15,0,518.9,8,100.0
2026-02-28,Saturday,15:30,Tech Support,20,19,18,1,483.8,10,90.0
2026-02-28,Saturday,16:00,Tech Support,18,18,18,0,518.0,10,100.0
2026-02-28,Saturday,16:30,Tech Support,26,26,25,0,545.2,11,96.2
2026-02-28,Saturday,17:00,Tech Support,28,28,27,0,489.7,11,96.4
2026-02-28,Saturday,17:30,Tech Support,18,18,18,0,461.5,10,100.0
2026-02-28,Saturday,18:00,Tech Support,40,38,34,2,477.5,12,85.0
2026-02-28,Saturday,18:30,Tech Support,18,18,17,0,469.6,12,94.4
2026-02-28,Saturday,19:00,Tech Support,29,27,22,2,533.1,9,75.9
2026-02-28,Saturday,19:30,Tech Support,24,24,24,0,428.7,9,100.0
2026-02-28,Saturday,20:00,Tech Support,29,29,29,0,446.6,11,100.0
2026-02-28,Saturday,20:30,Tech Support,26,26,26,0,494.0,11,100.0
2026-02-28,Saturday,21:00,Tech Support,24,24,23,0,465.2,11,95.8
2026-02-28,Saturday,21:30,Tech Support,27,27,27,0,392.4,10,100.0
2026-03-01,Sunday,08:00,Billing,37,37,37,0,400.8,11,100.0
2026-03-01,Sunday,08:30,Billing,25,25,25,0,294.0,11,100.0
2026-03-01,Sunday,09:00,Billing,25,25,24,0,296.9,14,96.0
2026-03-01,Sunday,09:30,Billing,33,33,32,0,310.6,14,97.0
2026-03-01,Sunday,10:00,Billing,53,53,53,0,290.0,15,100.0
2026-03-01,Sunday,10:30,Billing,34,33,31,1,391.3,14,91.2
2026-03-01,Sunday,11:00,Billing,50,49,47,1,322.6,14,94.0
2026-03-01,Sunday,11:30,Billing,45,43,39,2,341.8,14,86.7
2026-03-01,Sunday,12:00,Billing,43,43,42,0,262.7,14,97.7
2026-03-01,Sunday,12:30,Billing,42,42,41,0,325.3,14,97.6
2026-03-01,Sunday,13:00,Billing,34,34,33,0,347.9,12,97.1
2026-03-01,Sunday,13:30,Billing,28,28,28,0,293.2,12,100.0
2026-03-01,Sunday,14:00,Billing,33,33,32,0,312.3,12,97.0
2026-03-01,Sunday,14:30,Billing,20,20,20,0,322.5,11,100.0
2026-03-01,Sunday,15:00,Billing,24,24,24,0,307.8,9,100.0
2026-03-01,Sunday,15:30,Billing,27,27,27,0,390.5,12,100.0
2026-03-01,Sunday,16:00,Billing,30,30,30,0,318.3,12,100.0
2026-03-01,Sunday,16:30,Billing,29,28,26,1,295.5,13,89.7
2026-03-01,Sunday,17:00,Billing,28,27,26,1,216.0,12,92.9
2026-03-01,Sunday,17:30,Billing,43,43,43,0,391.9,13,100.0
2026-03-01,Sunday,18:00,Billing,38,38,38,0,345.9,14,100.0
2026-03-01,Sunday,18:30,Billing,42,41,38,1,385.6,13,90.5
2026-03-01,Sunday,19:00,Billing,50,49,47,1,348.7,11,94.0
2026-03-01,Sunday,19:30,Billing,21,21,20,0,255.7,12,95.2
2026-03-01,Sunday,20:00,Billing,31,31,30,0,369.9,10,96.8
2026-03-01,Sunday,20:30,Billing,25,25,25,0,342.9,13,100.0
2026-03-01,Sunday,21:00,Billing,32,31,29,1,343.6,14,90.6
2026-03-01,Sunday,21:30,Billing,25,25,24,0,333.5,12,96.0
2026-03-01,Sunday,08:00,Tech Support,11,11,11,0,447.9,10,100.0
2026-03-01,Sunday,08:30,Tech Support,19,19,18,0,370.3,11,94.7
2026-03-01,Sunday,09:00,Tech Support,24,24,24,0,523.3,13,100.0
2026-03-01,Sunday,09:30,Tech Support,13,13,13,0,434.9,15,100.0
2026-03-01,Sunday,10:00,Tech Support,24,23,21,1,513.7,8,87.5
2026-03-01,Sunday,10:30,Tech Support,27,27,27,0,517.5,11,100.0
2026-03-01,Sunday,11:00,Tech Support,18,18,17,0,504.7,12,94.4
2026-03-01,Sunday,11:30,Tech Support,28,27,26,1,479.2,10,92.9
2026-03-01,Sunday,12:00,Tech Support,25,24,22,1,418.3,12,88.0
2026-03-01,Sunday,12:30,Tech Support,19,19,18,0,527.4,12,94.7
2026-03-01,Sunday,13:00,Tech Support,13,13,13,0,484.9,10,100.0
2026-03-01,Sunday,13:30,Tech Support,15,15,14,0,502.7,9,93.3
2026-03-01,Sunday,14:00,Tech Support,15,15,15,0,476.1,8,100.0
2026-03-01,Sunday,14:30,Tech Support,11,11,11,0,432.6,10,100.0
2026-03-01,Sunday,15:00,Tech Support,12,12,12,0,526.9,8,100.0
2026-03-01,Sunday,15:30,Tech Support,16,16,16,0,468.0,12,100.0
2026-03-01,Sunday,16:00,Tech Support,20,20,19,0,496.5,11,95.0
2026-03-01,Sunday,16:30,Tech Support,22,22,22,0,477.9,8,100.0
2026-03-01,Sunday,17:00,Tech Support,19,19,19,0,431.2,11,100.0
2026-03-01,Sunday,17:30,Tech Support,22,22,22,0,488.7,13,100.0
2026-03-01,Sunday,18:00,Tech Support,13,13,13,0,497.1,13,100.0
2026-03-01,Sunday,18:30,Tech Support,16,16,16,0,451.3,14,100.0
2026-03-01,Sunday,19:00,Tech Support,17,17,17,0,447.7,8,100.0
2026-03-01,Sunday,19:30,Tech Support,19,19,19,0,503.4,10,100.0
2026-03-01,Sunday,20:00,Tech Support,16,15,14,1,459.0,12,87.5
2026-03-01,Sunday,20:30,Tech Support,12,12,12,0,510.4,7,100.0
2026-03-01,Sunday,21:00,Tech Support,18,18,18,0,493.6,10,100.0
2026-03-01,Sunday,21:30,Tech Support,15,15,15,0,490.2,9,100.0
